emoji	name	group	subgroup
рҹҳҖ	grinning face	Smileys & Emotion	face-smiling
рҹҳғ	grinning face with big eyes	Smileys & Emotion	face-smiling
рҹҳ„	grinning face with smiling eyes	Smileys & Emotion	face-smiling
рҹҳҒ	beaming face with smiling eyes	Smileys & Emotion	face-smiling
рҹҳҶ	grinning squinting face	Smileys & Emotion	face-smiling
рҹҳ…	grinning face with sweat	Smileys & Emotion	face-smiling
рҹӨЈ	rolling on the floor laughing	Smileys & Emotion	face-smiling
рҹҳӮ	face with tears of joy	Smileys & Emotion	face-smiling
рҹҷӮ	slightly smiling face	Smileys & Emotion	face-smiling
рҹҷғ	upside-down face	Smileys & Emotion	face-smiling
рҹ« 	melting face	Smileys & Emotion	face-smiling
рҹҳү	winking face	Smileys & Emotion	face-smiling
рҹҳҠ	smiling face with smiling eyes	Smileys & Emotion	face-smiling
рҹҳҮ	smiling face with halo	Smileys & Emotion	face-smiling
рҹҘ°	smiling face with hearts	Smileys & Emotion	face-affection
рҹҳҚ	smiling face with heart-eyes	Smileys & Emotion	face-affection
рҹӨ©	star-struck	Smileys & Emotion	face-affection
рҹҳҳ	face blowing a kiss	Smileys & Emotion	face-affection
рҹҳ—	kissing face	Smileys & Emotion	face-affection
вҳәпёҸ	smiling face	Smileys & Emotion	face-affection
рҹҳҡ	kissing face with closed eyes	Smileys & Emotion	face-affection
рҹҳҷ	kissing face with smiling eyes	Smileys & Emotion	face-affection
рҹҘІ	smiling face with tear	Smileys & Emotion	face-affection
рҹҳӢ	face savoring food	Smileys & Emotion	face-tongue
рҹҳӣ	face with tongue	Smileys & Emotion	face-tongue
рҹҳң	winking face with tongue	Smileys & Emotion	face-tongue
рҹӨӘ	zany face	Smileys & Emotion	face-tongue
рҹҳқ	squinting face with tongue	Smileys & Emotion	face-tongue
рҹӨ‘	money-mouth face	Smileys & Emotion	face-tongue
рҹӨ—	smiling face with open hands	Smileys & Emotion	face-hand
рҹӨӯ	face with hand over mouth	Smileys & Emotion	face-hand
рҹ«ў	face with open eyes and hand over mouth	Smileys & Emotion	face-hand
рҹ«Ј	face with peeking eye	Smileys & Emotion	face-hand
рҹӨ«	shushing face	Smileys & Emotion	face-hand
рҹӨ”	thinking face	Smileys & Emotion	face-hand
рҹ«Ў	saluting face	Smileys & Emotion	face-hand
рҹӨҗ	zipper-mouth face	Smileys & Emotion	face-neutral-skeptical
рҹӨЁ	face with raised eyebrow	Smileys & Emotion	face-neutral-skeptical
рҹҳҗ	neutral face	Smileys & Emotion	face-neutral-skeptical
рҹҳ‘	expressionless face	Smileys & Emotion	face-neutral-skeptical
рҹҳ¶	face without mouth	Smileys & Emotion	face-neutral-skeptical
рҹ«Ҙ	dotted line face	Smileys & Emotion	face-neutral-skeptical
рҹҳ¶вҖҚрҹҢ«пёҸ	face in clouds	Smileys & Emotion	face-neutral-skeptical
рҹҳҸ	smirking face	Smileys & Emotion	face-neutral-skeptical
рҹҳ’	unamused face	Smileys & Emotion	face-neutral-skeptical
рҹҷ„	face with rolling eyes	Smileys & Emotion	face-neutral-skeptical
рҹҳ¬	grimacing face	Smileys & Emotion	face-neutral-skeptical
рҹҳ®вҖҚрҹ’Ё	face exhaling	Smileys & Emotion	face-neutral-skeptical
рҹӨҘ	lying face	Smileys & Emotion	face-neutral-skeptical
рҹ«Ё	shaking face	Smileys & Emotion	face-neutral-skeptical
рҹҷӮвҖҚвҶ”пёҸ	head shaking horizontally	Smileys & Emotion	face-neutral-skeptical
рҹҷӮвҖҚвҶ•пёҸ	head shaking vertically	Smileys & Emotion	face-neutral-skeptical
рҹҳҢ	relieved face	Smileys & Emotion	face-sleepy
рҹҳ”	pensive face	Smileys & Emotion	face-sleepy
рҹҳӘ	sleepy face	Smileys & Emotion	face-sleepy
рҹӨӨ	drooling face	Smileys & Emotion	face-sleepy
рҹҳҙ	sleeping face	Smileys & Emotion	face-sleepy
рҹ«©	face with bags under eyes	Smileys & Emotion	face-sleepy
рҹҳ·	face with medical mask	Smileys & Emotion	face-unwell
рҹӨ’	face with thermometer	Smileys & Emotion	face-unwell
рҹӨ•	face with head-bandage	Smileys & Emotion	face-unwell
рҹӨў	nauseated face	Smileys & Emotion	face-unwell
рҹӨ®	face vomiting	Smileys & Emotion	face-unwell
рҹӨ§	sneezing face	Smileys & Emotion	face-unwell
рҹҘө	hot face	Smileys & Emotion	face-unwell
рҹҘ¶	cold face	Smileys & Emotion	face-unwell
рҹҘҙ	woozy face	Smileys & Emotion	face-unwell
рҹҳө	face with crossed-out eyes	Smileys & Emotion	face-unwell
рҹҳөвҖҚрҹ’«	face with spiral eyes	Smileys & Emotion	face-unwell
рҹӨҜ	exploding head	Smileys & Emotion	face-unwell
рҹӨ 	cowboy hat face	Smileys & Emotion	face-hat
рҹҘі	partying face	Smileys & Emotion	face-hat
рҹҘё	disguised face	Smileys & Emotion	face-hat
рҹҳҺ	smiling face with sunglasses	Smileys & Emotion	face-glasses
рҹӨ“	nerd face	Smileys & Emotion	face-glasses
рҹ§җ	face with monocle	Smileys & Emotion	face-glasses
рҹҳ•	confused face	Smileys & Emotion	face-concerned
рҹ«Ө	face with diagonal mouth	Smileys & Emotion	face-concerned
рҹҳҹ	worried face	Smileys & Emotion	face-concerned
рҹҷҒ	slightly frowning face	Smileys & Emotion	face-concerned
вҳ№пёҸ	frowning face	Smileys & Emotion	face-concerned
рҹҳ®	face with open mouth	Smileys & Emotion	face-concerned
рҹҳҜ	hushed face	Smileys & Emotion	face-concerned
рҹҳІ	astonished face	Smileys & Emotion	face-concerned
рҹҳі	flushed face	Smileys & Emotion	face-concerned
рҹ«Ә	distorted face	Smileys & Emotion	face-concerned
рҹҘә	pleading face	Smileys & Emotion	face-concerned
рҹҘ№	face holding back tears	Smileys & Emotion	face-concerned
рҹҳҰ	frowning face with open mouth	Smileys & Emotion	face-concerned
рҹҳ§	anguished face	Smileys & Emotion	face-concerned
рҹҳЁ	fearful face	Smileys & Emotion	face-concerned
рҹҳ°	anxious face with sweat	Smileys & Emotion	face-concerned
рҹҳҘ	sad but relieved face	Smileys & Emotion	face-concerned
рҹҳў	crying face	Smileys & Emotion	face-concerned
рҹҳӯ	loudly crying face	Smileys & Emotion	face-concerned
рҹҳұ	face screaming in fear	Smileys & Emotion	face-concerned
рҹҳ–	confounded face	Smileys & Emotion	face-concerned
рҹҳЈ	persevering face	Smileys & Emotion	face-concerned
рҹҳһ	disappointed face	Smileys & Emotion	face-concerned
рҹҳ“	downcast face with sweat	Smileys & Emotion	face-concerned
рҹҳ©	weary face	Smileys & Emotion	face-concerned
рҹҳ«	tired face	Smileys & Emotion	face-concerned
рҹҘұ	yawning face	Smileys & Emotion	face-concerned
рҹҳӨ	face with steam from nose	Smileys & Emotion	face-negative
рҹҳЎ	enraged face	Smileys & Emotion	face-negative
рҹҳ 	angry face	Smileys & Emotion	face-negative
рҹӨ¬	face with symbols on mouth	Smileys & Emotion	face-negative
рҹҳҲ	smiling face with horns	Smileys & Emotion	face-negative
рҹ‘ҝ	angry face with horns	Smileys & Emotion	face-negative
рҹ’Җ	skull	Smileys & Emotion	face-negative
вҳ пёҸ	skull and crossbones	Smileys & Emotion	face-negative
рҹ’©	pile of poo	Smileys & Emotion	face-costume
рҹӨЎ	clown face	Smileys & Emotion	face-costume
рҹ‘№	ogre	Smileys & Emotion	face-costume
рҹ‘ә	goblin	Smileys & Emotion	face-costume
рҹ‘»	ghost	Smileys & Emotion	face-costume
рҹ‘Ҫ	alien	Smileys & Emotion	face-costume
рҹ‘ҫ	alien monster	Smileys & Emotion	face-costume
рҹӨ–	robot	Smileys & Emotion	face-costume
рҹҳә	grinning cat	Smileys & Emotion	cat-face
рҹҳё	grinning cat with smiling eyes	Smileys & Emotion	cat-face
рҹҳ№	cat with tears of joy	Smileys & Emotion	cat-face
рҹҳ»	smiling cat with heart-eyes	Smileys & Emotion	cat-face
рҹҳј	cat with wry smile	Smileys & Emotion	cat-face
рҹҳҪ	kissing cat	Smileys & Emotion	cat-face
рҹҷҖ	weary cat	Smileys & Emotion	cat-face
рҹҳҝ	crying cat	Smileys & Emotion	cat-face
рҹҳҫ	pouting cat	Smileys & Emotion	cat-face
рҹҷҲ	see-no-evil monkey	Smileys & Emotion	monkey-face
рҹҷү	hear-no-evil monkey	Smileys & Emotion	monkey-face
рҹҷҠ	speak-no-evil monkey	Smileys & Emotion	monkey-face
рҹ’Ң	love letter	Smileys & Emotion	heart
рҹ’ҳ	heart with arrow	Smileys & Emotion	heart
рҹ’қ	heart with ribbon	Smileys & Emotion	heart
рҹ’–	sparkling heart	Smileys & Emotion	heart
рҹ’—	growing heart	Smileys & Emotion	heart
рҹ’“	beating heart	Smileys & Emotion	heart
рҹ’һ	revolving hearts	Smileys & Emotion	heart
рҹ’•	two hearts	Smileys & Emotion	heart
рҹ’ҹ	heart decoration	Smileys & Emotion	heart
вқЈпёҸ	heart exclamation	Smileys & Emotion	heart
рҹ’”	broken heart	Smileys & Emotion	heart
вқӨпёҸвҖҚрҹ”Ҙ	heart on fire	Smileys & Emotion	heart
вқӨпёҸвҖҚрҹ©№	mending heart	Smileys & Emotion	heart
вқӨпёҸ	red heart	Smileys & Emotion	heart
рҹ©·	pink heart	Smileys & Emotion	heart
рҹ§Ў	orange heart	Smileys & Emotion	heart
рҹ’ӣ	yellow heart	Smileys & Emotion	heart
рҹ’ҡ	green heart	Smileys & Emotion	heart
рҹ’ҷ	blue heart	Smileys & Emotion	heart
рҹ©ө	light blue heart	Smileys & Emotion	heart
рҹ’ң	purple heart	Smileys & Emotion	heart
рҹӨҺ	brown heart	Smileys & Emotion	heart
рҹ–Ө	black heart	Smileys & Emotion	heart
рҹ©¶	grey heart	Smileys & Emotion	heart
рҹӨҚ	white heart	Smileys & Emotion	heart
рҹ’Ӣ	kiss mark	Smileys & Emotion	emotion
рҹ’Ҝ	hundred points	Smileys & Emotion	emotion
рҹ’ў	anger symbol	Smileys & Emotion	emotion
рҹ«Ҝ	fight cloud	Smileys & Emotion	emotion
рҹ’Ҙ	collision	Smileys & Emotion	emotion
рҹ’«	dizzy	Smileys & Emotion	emotion
рҹ’Ұ	sweat droplets	Smileys & Emotion	emotion
рҹ’Ё	dashing away	Smileys & Emotion	emotion
рҹ•іпёҸ	hole	Smileys & Emotion	emotion
рҹ’¬	speech balloon	Smileys & Emotion	emotion
рҹ‘ҒпёҸвҖҚрҹ—ЁпёҸ	eye in speech bubble	Smileys & Emotion	emotion
рҹ—ЁпёҸ	left speech bubble	Smileys & Emotion	emotion
рҹ—ҜпёҸ	right anger bubble	Smileys & Emotion	emotion
рҹ’ӯ	thought balloon	Smileys & Emotion	emotion
рҹ’Ө	ZZZ	Smileys & Emotion	emotion
рҹ‘Ӣ	waving hand	People & Body	hand-fingers-open
рҹӨҡ	raised back of hand	People & Body	hand-fingers-open
рҹ–җпёҸ	hand with fingers splayed	People & Body	hand-fingers-open
вңӢ	raised hand	People & Body	hand-fingers-open
рҹ––	vulcan salute	People & Body	hand-fingers-open
рҹ«ұ	rightwards hand	People & Body	hand-fingers-open
рҹ«І	leftwards hand	People & Body	hand-fingers-open
рҹ«і	palm down hand	People & Body	hand-fingers-open
рҹ«ҙ	palm up hand	People & Body	hand-fingers-open
рҹ«·	leftwards pushing hand	People & Body	hand-fingers-open
рҹ«ё	rightwards pushing hand	People & Body	hand-fingers-open
рҹ‘Ң	OK hand	People & Body	hand-fingers-partial
рҹӨҢ	pinched fingers	People & Body	hand-fingers-partial
рҹӨҸ	pinching hand	People & Body	hand-fingers-partial
вңҢпёҸ	victory hand	People & Body	hand-fingers-partial
рҹӨһ	crossed fingers	People & Body	hand-fingers-partial
рҹ«°	hand with index finger and thumb crossed	People & Body	hand-fingers-partial
рҹӨҹ	love-you gesture	People & Body	hand-fingers-partial
рҹӨҳ	sign of the horns	People & Body	hand-fingers-partial
рҹӨҷ	call me hand	People & Body	hand-fingers-partial
рҹ‘Ҳ	backhand index pointing left	People & Body	hand-single-finger
рҹ‘ү	backhand index pointing right	People & Body	hand-single-finger
рҹ‘Ҷ	backhand index pointing up	People & Body	hand-single-finger
рҹ–•	middle finger	People & Body	hand-single-finger
рҹ‘Ү	backhand index pointing down	People & Body	hand-single-finger
вҳқпёҸ	index pointing up	People & Body	hand-single-finger
рҹ«ө	index pointing at the viewer	People & Body	hand-single-finger
рҹ‘Қ	thumbs up	People & Body	hand-fingers-closed
рҹ‘Һ	thumbs down	People & Body	hand-fingers-closed
вңҠ	raised fist	People & Body	hand-fingers-closed
рҹ‘Ҡ	oncoming fist	People & Body	hand-fingers-closed
рҹӨӣ	left-facing fist	People & Body	hand-fingers-closed
рҹӨң	right-facing fist	People & Body	hand-fingers-closed
рҹ‘Ҹ	clapping hands	People & Body	hands
рҹҷҢ	raising hands	People & Body	hands
рҹ«¶	heart hands	People & Body	hands
рҹ‘җ	open hands	People & Body	hands
рҹӨІ	palms up together	People & Body	hands
рҹӨқ	handshake	People & Body	hands
рҹҷҸ	folded hands	People & Body	hands
вңҚпёҸ	writing hand	People & Body	hand-prop
рҹ’…	nail polish	People & Body	hand-prop
рҹӨі	selfie	People & Body	hand-prop
рҹ’Ә	flexed biceps	People & Body	body-parts
рҹҰҫ	mechanical arm	People & Body	body-parts
рҹҰҝ	mechanical leg	People & Body	body-parts
рҹҰө	leg	People & Body	body-parts
рҹҰ¶	foot	People & Body	body-parts
рҹ‘Ӯ	ear	People & Body	body-parts
рҹҰ»	ear with hearing aid	People & Body	body-parts
рҹ‘ғ	nose	People & Body	body-parts
рҹ§ 	brain	People & Body	body-parts
рҹ«Җ	anatomical heart	People & Body	body-parts
рҹ«Ғ	lungs	People & Body	body-parts
рҹҰ·	tooth	People & Body	body-parts
рҹҰҙ	bone	People & Body	body-parts
рҹ‘Җ	eyes	People & Body	body-parts
рҹ‘ҒпёҸ	eye	People & Body	body-parts
рҹ‘…	tongue	People & Body	body-parts
рҹ‘„	mouth	People & Body	body-parts
рҹ«Ұ	biting lip	People & Body	body-parts
рҹ‘¶	baby	People & Body	person
рҹ§’	child	People & Body	person
рҹ‘Ұ	boy	People & Body	person
рҹ‘§	girl	People & Body	person
рҹ§‘	person	People & Body	person
рҹ‘ұ	person: blond hair	People & Body	person
рҹ‘Ё	man	People & Body	person
рҹ§”	person: beard	People & Body	person
рҹ§”вҖҚвҷӮпёҸ	man: beard	People & Body	person
рҹ§”вҖҚвҷҖпёҸ	woman: beard	People & Body	person
рҹ‘ЁвҖҚрҹҰ°	man: red hair	People & Body	person
рҹ‘ЁвҖҚрҹҰұ	man: curly hair	People & Body	person
рҹ‘ЁвҖҚрҹҰі	man: white hair	People & Body	person
рҹ‘ЁвҖҚрҹҰІ	man: bald	People & Body	person
рҹ‘©	woman	People & Body	person
рҹ‘©вҖҚрҹҰ°	woman: red hair	People & Body	person
рҹ§‘вҖҚрҹҰ°	person: red hair	People & Body	person
рҹ‘©вҖҚрҹҰұ	woman: curly hair	People & Body	person
рҹ§‘вҖҚрҹҰұ	person: curly hair	People & Body	person
рҹ‘©вҖҚрҹҰі	woman: white hair	People & Body	person
рҹ§‘вҖҚрҹҰі	person: white hair	People & Body	person
рҹ‘©вҖҚрҹҰІ	woman: bald	People & Body	person
рҹ§‘вҖҚрҹҰІ	person: bald	People & Body	person
рҹ‘ұвҖҚвҷҖпёҸ	woman: blond hair	People & Body	person
рҹ‘ұвҖҚвҷӮпёҸ	man: blond hair	People & Body	person
рҹ§“	older person	People & Body	person
рҹ‘ҙ	old man	People & Body	person
рҹ‘ө	old woman	People & Body	person
рҹҷҚ	person frowning	People & Body	person-gesture
рҹҷҚвҖҚвҷӮпёҸ	man frowning	People & Body	person-gesture
рҹҷҚвҖҚвҷҖпёҸ	woman frowning	People & Body	person-gesture
рҹҷҺ	person pouting	People & Body	person-gesture
рҹҷҺвҖҚвҷӮпёҸ	man pouting	People & Body	person-gesture
рҹҷҺвҖҚвҷҖпёҸ	woman pouting	People & Body	person-gesture
рҹҷ…	person gesturing NO	People & Body	person-gesture
рҹҷ…вҖҚвҷӮпёҸ	man gesturing NO	People & Body	person-gesture
рҹҷ…вҖҚвҷҖпёҸ	woman gesturing NO	People & Body	person-gesture
рҹҷҶ	person gesturing OK	People & Body	person-gesture
рҹҷҶвҖҚвҷӮпёҸ	man gesturing OK	People & Body	person-gesture
рҹҷҶвҖҚвҷҖпёҸ	woman gesturing OK	People & Body	person-gesture
рҹ’Ғ	person tipping hand	People & Body	person-gesture
рҹ’ҒвҖҚвҷӮпёҸ	man tipping hand	People & Body	person-gesture
рҹ’ҒвҖҚвҷҖпёҸ	woman tipping hand	People & Body	person-gesture
рҹҷӢ	person raising hand	People & Body	person-gesture
рҹҷӢвҖҚвҷӮпёҸ	man raising hand	People & Body	person-gesture
рҹҷӢвҖҚвҷҖпёҸ	woman raising hand	People & Body	person-gesture
рҹ§Ҹ	deaf person	People & Body	person-gesture
рҹ§ҸвҖҚвҷӮпёҸ	deaf man	People & Body	person-gesture
рҹ§ҸвҖҚвҷҖпёҸ	deaf woman	People & Body	person-gesture
рҹҷҮ	person bowing	People & Body	person-gesture
рҹҷҮвҖҚвҷӮпёҸ	man bowing	People & Body	person-gesture
рҹҷҮвҖҚвҷҖпёҸ	woman bowing	People & Body	person-gesture
рҹӨҰ	person facepalming	People & Body	person-gesture
рҹӨҰвҖҚвҷӮпёҸ	man facepalming	People & Body	person-gesture
рҹӨҰвҖҚвҷҖпёҸ	woman facepalming	People & Body	person-gesture
рҹӨ·	person shrugging	People & Body	person-gesture
рҹӨ·вҖҚвҷӮпёҸ	man shrugging	People & Body	person-gesture
рҹӨ·вҖҚвҷҖпёҸ	woman shrugging	People & Body	person-gesture
рҹ§‘вҖҚвҡ•пёҸ	health worker	People & Body	person-role
рҹ‘ЁвҖҚвҡ•пёҸ	man health worker	People & Body	person-role
рҹ‘©вҖҚвҡ•пёҸ	woman health worker	People & Body	person-role
рҹ§‘вҖҚрҹҺ“	student	People & Body	person-role
рҹ‘ЁвҖҚрҹҺ“	man student	People & Body	person-role
рҹ‘©вҖҚрҹҺ“	woman student	People & Body	person-role
рҹ§‘вҖҚрҹҸ«	teacher	People & Body	person-role
рҹ‘ЁвҖҚрҹҸ«	man teacher	People & Body	person-role
рҹ‘©вҖҚрҹҸ«	woman teacher	People & Body	person-role
рҹ§‘вҖҚвҡ–пёҸ	judge	People & Body	person-role
рҹ‘ЁвҖҚвҡ–пёҸ	man judge	People & Body	person-role
рҹ‘©вҖҚвҡ–пёҸ	woman judge	People & Body	person-role
рҹ§‘вҖҚрҹҢҫ	farmer	People & Body	person-role
рҹ‘ЁвҖҚрҹҢҫ	man farmer	People & Body	person-role
рҹ‘©вҖҚрҹҢҫ	woman farmer	People & Body	person-role
рҹ§‘вҖҚрҹҚі	cook	People & Body	person-role
рҹ‘ЁвҖҚрҹҚі	man cook	People & Body	person-role
рҹ‘©вҖҚрҹҚі	woman cook	People & Body	person-role
рҹ§‘вҖҚрҹ”§	mechanic	People & Body	person-role
рҹ‘ЁвҖҚрҹ”§	man mechanic	People & Body	person-role
рҹ‘©вҖҚрҹ”§	woman mechanic	People & Body	person-role
рҹ§‘вҖҚрҹҸӯ	factory worker	People & Body	person-role
рҹ‘ЁвҖҚрҹҸӯ	man factory worker	People & Body	person-role
рҹ‘©вҖҚрҹҸӯ	woman factory worker	People & Body	person-role
рҹ§‘вҖҚрҹ’ј	office worker	People & Body	person-role
рҹ‘ЁвҖҚрҹ’ј	man office worker	People & Body	person-role
рҹ‘©вҖҚрҹ’ј	woman office worker	People & Body	person-role
рҹ§‘вҖҚрҹ”¬	scientist	People & Body	person-role
рҹ‘ЁвҖҚрҹ”¬	man scientist	People & Body	person-role
рҹ‘©вҖҚрҹ”¬	woman scientist	People & Body	person-role
рҹ§‘вҖҚрҹ’»	technologist	People & Body	person-role
рҹ‘ЁвҖҚрҹ’»	man technologist	People & Body	person-role
рҹ‘©вҖҚрҹ’»	woman technologist	People & Body	person-role
рҹ§‘вҖҚрҹҺӨ	singer	People & Body	person-role
рҹ‘ЁвҖҚрҹҺӨ	man singer	People & Body	person-role
рҹ‘©вҖҚрҹҺӨ	woman singer	People & Body	person-role
рҹ§‘вҖҚрҹҺЁ	artist	People & Body	person-role
рҹ‘ЁвҖҚрҹҺЁ	man artist	People & Body	person-role
рҹ‘©вҖҚрҹҺЁ	woman artist	People & Body	person-role
рҹ§‘вҖҚвңҲпёҸ	pilot	People & Body	person-role
рҹ‘ЁвҖҚвңҲпёҸ	man pilot	People & Body	person-role
рҹ‘©вҖҚвңҲпёҸ	woman pilot	People & Body	person-role
рҹ§‘вҖҚрҹҡҖ	astronaut	People & Body	person-role
рҹ‘ЁвҖҚрҹҡҖ	man astronaut	People & Body	person-role
рҹ‘©вҖҚрҹҡҖ	woman astronaut	People & Body	person-role
рҹ§‘вҖҚрҹҡ’	firefighter	People & Body	person-role
рҹ‘ЁвҖҚрҹҡ’	man firefighter	People & Body	person-role
рҹ‘©вҖҚрҹҡ’	woman firefighter	People & Body	person-role
рҹ‘®	police officer	People & Body	person-role
рҹ‘®вҖҚвҷӮпёҸ	man police officer	People & Body	person-role
рҹ‘®вҖҚвҷҖпёҸ	woman police officer	People & Body	person-role
рҹ•өпёҸ	detective	People & Body	person-role
рҹ•өпёҸвҖҚвҷӮпёҸ	man detective	People & Body	person-role
рҹ•өпёҸвҖҚвҷҖпёҸ	woman detective	People & Body	person-role
рҹ’Ӯ	guard	People & Body	person-role
рҹ’ӮвҖҚвҷӮпёҸ	man guard	People & Body	person-role
рҹ’ӮвҖҚвҷҖпёҸ	woman guard	People & Body	person-role
рҹҘ·	ninja	People & Body	person-role
рҹ‘·	construction worker	People & Body	person-role
рҹ‘·вҖҚвҷӮпёҸ	man construction worker	People & Body	person-role
рҹ‘·вҖҚвҷҖпёҸ	woman construction worker	People & Body	person-role
рҹ«…	person with crown	People & Body	person-role
рҹӨҙ	prince	People & Body	person-role
рҹ‘ё	princess	People & Body	person-role
рҹ‘і	person wearing turban	People & Body	person-role
рҹ‘івҖҚвҷӮпёҸ	man wearing turban	People & Body	person-role
рҹ‘івҖҚвҷҖпёҸ	woman wearing turban	People & Body	person-role
рҹ‘І	person with skullcap	People & Body	person-role
рҹ§•	woman with headscarf	People & Body	person-role
рҹӨө	person in tuxedo	People & Body	person-role
рҹӨөвҖҚвҷӮпёҸ	man in tuxedo	People & Body	person-role
рҹӨөвҖҚвҷҖпёҸ	woman in tuxedo	People & Body	person-role
рҹ‘°	person with veil	People & Body	person-role
рҹ‘°вҖҚвҷӮпёҸ	man with veil	People & Body	person-role
рҹ‘°вҖҚвҷҖпёҸ	woman with veil	People & Body	person-role
рҹӨ°	pregnant woman	People & Body	person-role
рҹ«ғ	pregnant man	People & Body	person-role
рҹ«„	pregnant person	People & Body	person-role
рҹӨұ	breast-feeding	People & Body	person-role
рҹ‘©вҖҚрҹҚј	woman feeding baby	People & Body	person-role
рҹ‘ЁвҖҚрҹҚј	man feeding baby	People & Body	person-role
рҹ§‘вҖҚрҹҚј	person feeding baby	People & Body	person-role
рҹ‘ј	baby angel	People & Body	person-fantasy
рҹҺ…	Santa Claus	People & Body	person-fantasy
рҹӨ¶	Mrs. Claus	People & Body	person-fantasy
рҹ§‘вҖҚрҹҺ„	Mx Claus	People & Body	person-fantasy
рҹҰё	superhero	People & Body	person-fantasy
рҹҰёвҖҚвҷӮпёҸ	man superhero	People & Body	person-fantasy
рҹҰёвҖҚвҷҖпёҸ	woman superhero	People & Body	person-fantasy
рҹҰ№	supervillain	People & Body	person-fantasy
рҹҰ№вҖҚвҷӮпёҸ	man supervillain	People & Body	person-fantasy
рҹҰ№вҖҚвҷҖпёҸ	woman supervillain	People & Body	person-fantasy
рҹ§ҷ	mage	People & Body	person-fantasy
рҹ§ҷвҖҚвҷӮпёҸ	man mage	People & Body	person-fantasy
рҹ§ҷвҖҚвҷҖпёҸ	woman mage	People & Body	person-fantasy
рҹ§ҡ	fairy	People & Body	person-fantasy
рҹ§ҡвҖҚвҷӮпёҸ	man fairy	People & Body	person-fantasy
рҹ§ҡвҖҚвҷҖпёҸ	woman fairy	People & Body	person-fantasy
рҹ§ӣ	vampire	People & Body	person-fantasy
рҹ§ӣвҖҚвҷӮпёҸ	man vampire	People & Body	person-fantasy
рҹ§ӣвҖҚвҷҖпёҸ	woman vampire	People & Body	person-fantasy
рҹ§ң	merperson	People & Body	person-fantasy
рҹ§ңвҖҚвҷӮпёҸ	merman	People & Body	person-fantasy
рҹ§ңвҖҚвҷҖпёҸ	mermaid	People & Body	person-fantasy
рҹ§қ	elf	People & Body	person-fantasy
рҹ§қвҖҚвҷӮпёҸ	man elf	People & Body	person-fantasy
рҹ§қвҖҚвҷҖпёҸ	woman elf	People & Body	person-fantasy
рҹ§һ	genie	People & Body	person-fantasy
рҹ§һвҖҚвҷӮпёҸ	man genie	People & Body	person-fantasy
рҹ§һвҖҚвҷҖпёҸ	woman genie	People & Body	person-fantasy
рҹ§ҹ	zombie	People & Body	person-fantasy
рҹ§ҹвҖҚвҷӮпёҸ	man zombie	People & Body	person-fantasy
рҹ§ҹвҖҚвҷҖпёҸ	woman zombie	People & Body	person-fantasy
рҹ§Ң	troll	People & Body	person-fantasy
рҹ«Ҳ	hairy creature	People & Body	person-fantasy
рҹ’Ҷ	person getting massage	People & Body	person-activity
рҹ’ҶвҖҚвҷӮпёҸ	man getting massage	People & Body	person-activity
рҹ’ҶвҖҚвҷҖпёҸ	woman getting massage	People & Body	person-activity
рҹ’Ү	person getting haircut	People & Body	person-activity
рҹ’ҮвҖҚвҷӮпёҸ	man getting haircut	People & Body	person-activity
рҹ’ҮвҖҚвҷҖпёҸ	woman getting haircut	People & Body	person-activity
рҹҡ¶	person walking	People & Body	person-activity
рҹҡ¶вҖҚвҷӮпёҸ	man walking	People & Body	person-activity
рҹҡ¶вҖҚвҷҖпёҸ	woman walking	People & Body	person-activity
рҹҡ¶вҖҚвһЎпёҸ	person walking facing right	People & Body	person-activity
рҹҡ¶вҖҚвҷҖпёҸвҖҚвһЎпёҸ	woman walking facing right	People & Body	person-activity
рҹҡ¶вҖҚвҷӮпёҸвҖҚвһЎпёҸ	man walking facing right	People & Body	person-activity
рҹ§Қ	person standing	People & Body	person-activity
рҹ§ҚвҖҚвҷӮпёҸ	man standing	People & Body	person-activity
рҹ§ҚвҖҚвҷҖпёҸ	woman standing	People & Body	person-activity
рҹ§Һ	person kneeling	People & Body	person-activity
рҹ§ҺвҖҚвҷӮпёҸ	man kneeling	People & Body	person-activity
рҹ§ҺвҖҚвҷҖпёҸ	woman kneeling	People & Body	person-activity
рҹ§ҺвҖҚвһЎпёҸ	person kneeling facing right	People & Body	person-activity
рҹ§ҺвҖҚвҷҖпёҸвҖҚвһЎпёҸ	woman kneeling facing right	People & Body	person-activity
рҹ§ҺвҖҚвҷӮпёҸвҖҚвһЎпёҸ	man kneeling facing right	People & Body	person-activity
рҹ§‘вҖҚрҹҰҜ	person with white cane	People & Body	person-activity
рҹ§‘вҖҚрҹҰҜвҖҚвһЎпёҸ	person with white cane facing right	People & Body	person-activity
рҹ‘ЁвҖҚрҹҰҜ	man with white cane	People & Body	person-activity
рҹ‘ЁвҖҚрҹҰҜвҖҚвһЎпёҸ	man with white cane facing right	People & Body	person-activity
рҹ‘©вҖҚрҹҰҜ	woman with white cane	People & Body	person-activity
рҹ‘©вҖҚрҹҰҜвҖҚвһЎпёҸ	woman with white cane facing right	People & Body	person-activity
рҹ§‘вҖҚрҹҰј	person in motorized wheelchair	People & Body	person-activity
рҹ§‘вҖҚрҹҰјвҖҚвһЎпёҸ	person in motorized wheelchair facing right	People & Body	person-activity
рҹ‘ЁвҖҚрҹҰј	man in motorized wheelchair	People & Body	person-activity
рҹ‘ЁвҖҚрҹҰјвҖҚвһЎпёҸ	man in motorized wheelchair facing right	People & Body	person-activity
рҹ‘©вҖҚрҹҰј	woman in motorized wheelchair	People & Body	person-activity
рҹ‘©вҖҚрҹҰјвҖҚвһЎпёҸ	woman in motorized wheelchair facing right	People & Body	person-activity
рҹ§‘вҖҚрҹҰҪ	person in manual wheelchair	People & Body	person-activity
рҹ§‘вҖҚрҹҰҪвҖҚвһЎпёҸ	person in manual wheelchair facing right	People & Body	person-activity
рҹ‘ЁвҖҚрҹҰҪ	man in manual wheelchair	People & Body	person-activity
рҹ‘ЁвҖҚрҹҰҪвҖҚвһЎпёҸ	man in manual wheelchair facing right	People & Body	person-activity
рҹ‘©вҖҚрҹҰҪ	woman in manual wheelchair	People & Body	person-activity
рҹ‘©вҖҚрҹҰҪвҖҚвһЎпёҸ	woman in manual wheelchair facing right	People & Body	person-activity
рҹҸғ	person running	People & Body	person-activity
рҹҸғвҖҚвҷӮпёҸ	man running	People & Body	person-activity
рҹҸғвҖҚвҷҖпёҸ	woman running	People & Body	person-activity
рҹҸғвҖҚвһЎпёҸ	person running facing right	People & Body	person-activity
рҹҸғвҖҚвҷҖпёҸвҖҚвһЎпёҸ	woman running facing right	People & Body	person-activity
рҹҸғвҖҚвҷӮпёҸвҖҚвһЎпёҸ	man running facing right	People & Body	person-activity
рҹ§‘вҖҚрҹ©°	ballet dancer	People & Body	person-activity
рҹ’ғ	woman dancing	People & Body	person-activity
рҹ•ә	man dancing	People & Body	person-activity
рҹ•ҙпёҸ	person in suit levitating	People & Body	person-activity
рҹ‘Ҝ	people with bunny ears	People & Body	person-activity
рҹ‘ҜвҖҚвҷӮпёҸ	men with bunny ears	People & Body	person-activity
рҹ‘ҜвҖҚвҷҖпёҸ	women with bunny ears	People & Body	person-activity
рҹ§–	person in steamy room	People & Body	person-activity
рҹ§–вҖҚвҷӮпёҸ	man in steamy room	People & Body	person-activity
рҹ§–вҖҚвҷҖпёҸ	woman in steamy room	People & Body	person-activity
рҹ§—	person climbing	People & Body	person-activity
рҹ§—вҖҚвҷӮпёҸ	man climbing	People & Body	person-activity
рҹ§—вҖҚвҷҖпёҸ	woman climbing	People & Body	person-activity
рҹӨә	person fencing	People & Body	person-sport
рҹҸҮ	horse racing	People & Body	person-sport
вӣ·пёҸ	skier	People & Body	person-sport
рҹҸӮ	snowboarder	People & Body	person-sport
рҹҸҢпёҸ	person golfing	People & Body	person-sport
рҹҸҢпёҸвҖҚвҷӮпёҸ	man golfing	People & Body	person-sport
рҹҸҢпёҸвҖҚвҷҖпёҸ	woman golfing	People & Body	person-sport
рҹҸ„	person surfing	People & Body	person-sport
рҹҸ„вҖҚвҷӮпёҸ	man surfing	People & Body	person-sport
рҹҸ„вҖҚвҷҖпёҸ	woman surfing	People & Body	person-sport
рҹҡЈ	person rowing boat	People & Body	person-sport
рҹҡЈвҖҚвҷӮпёҸ	man rowing boat	People & Body	person-sport
рҹҡЈвҖҚвҷҖпёҸ	woman rowing boat	People & Body	person-sport
рҹҸҠ	person swimming	People & Body	person-sport
рҹҸҠвҖҚвҷӮпёҸ	man swimming	People & Body	person-sport
рҹҸҠвҖҚвҷҖпёҸ	woman swimming	People & Body	person-sport
вӣ№пёҸ	person bouncing ball	People & Body	person-sport
вӣ№пёҸвҖҚвҷӮпёҸ	man bouncing ball	People & Body	person-sport
вӣ№пёҸвҖҚвҷҖпёҸ	woman bouncing ball	People & Body	person-sport
рҹҸӢпёҸ	person lifting weights	People & Body	person-sport
рҹҸӢпёҸвҖҚвҷӮпёҸ	man lifting weights	People & Body	person-sport
рҹҸӢпёҸвҖҚвҷҖпёҸ	woman lifting weights	People & Body	person-sport
рҹҡҙ	person biking	People & Body	person-sport
рҹҡҙвҖҚвҷӮпёҸ	man biking	People & Body	person-sport
рҹҡҙвҖҚвҷҖпёҸ	woman biking	People & Body	person-sport
рҹҡө	person mountain biking	People & Body	person-sport
рҹҡөвҖҚвҷӮпёҸ	man mountain biking	People & Body	person-sport
рҹҡөвҖҚвҷҖпёҸ	woman mountain biking	People & Body	person-sport
рҹӨё	person cartwheeling	People & Body	person-sport
рҹӨёвҖҚвҷӮпёҸ	man cartwheeling	People & Body	person-sport
рҹӨёвҖҚвҷҖпёҸ	woman cartwheeling	People & Body	person-sport
рҹӨј	people wrestling	People & Body	person-sport
рҹӨјвҖҚвҷӮпёҸ	men wrestling	People & Body	person-sport
рҹӨјвҖҚвҷҖпёҸ	women wrestling	People & Body	person-sport
рҹӨҪ	person playing water polo	People & Body	person-sport
рҹӨҪвҖҚвҷӮпёҸ	man playing water polo	People & Body	person-sport
рҹӨҪвҖҚвҷҖпёҸ	woman playing water polo	People & Body	person-sport
рҹӨҫ	person playing handball	People & Body	person-sport
рҹӨҫвҖҚвҷӮпёҸ	man playing handball	People & Body	person-sport
рҹӨҫвҖҚвҷҖпёҸ	woman playing handball	People & Body	person-sport
рҹӨ№	person juggling	People & Body	person-sport
рҹӨ№вҖҚвҷӮпёҸ	man juggling	People & Body	person-sport
рҹӨ№вҖҚвҷҖпёҸ	woman juggling	People & Body	person-sport
рҹ§ҳ	person in lotus position	People & Body	person-resting
рҹ§ҳвҖҚвҷӮпёҸ	man in lotus position	People & Body	person-resting
рҹ§ҳвҖҚвҷҖпёҸ	woman in lotus position	People & Body	person-resting
рҹӣҖ	person taking bath	People & Body	person-resting
рҹӣҢ	person in bed	People & Body	person-resting
рҹ§‘вҖҚрҹӨқвҖҚрҹ§‘	people holding hands	People & Body	family
рҹ‘ӯ	women holding hands	People & Body	family
рҹ‘«	woman and man holding hands	People & Body	family
рҹ‘¬	men holding hands	People & Body	family
рҹ’Ҹ	kiss	People & Body	family
рҹ‘©вҖҚвқӨпёҸвҖҚрҹ’ӢвҖҚрҹ‘Ё	kiss: woman, man	People & Body	family
рҹ‘ЁвҖҚвқӨпёҸвҖҚрҹ’ӢвҖҚрҹ‘Ё	kiss: man, man	People & Body	family
рҹ‘©вҖҚвқӨпёҸвҖҚрҹ’ӢвҖҚрҹ‘©	kiss: woman, woman	People & Body	family
рҹ’‘	couple with heart	People & Body	family
рҹ‘©вҖҚвқӨпёҸвҖҚрҹ‘Ё	couple with heart: woman, man	People & Body	family
рҹ‘ЁвҖҚвқӨпёҸвҖҚрҹ‘Ё	couple with heart: man, man	People & Body	family
рҹ‘©вҖҚвқӨпёҸвҖҚрҹ‘©	couple with heart: woman, woman	People & Body	family
рҹ‘ЁвҖҚрҹ‘©вҖҚрҹ‘Ұ	family: man, woman, boy	People & Body	family
рҹ‘ЁвҖҚрҹ‘©вҖҚрҹ‘§	family: man, woman, girl	People & Body	family
рҹ‘ЁвҖҚрҹ‘©вҖҚрҹ‘§вҖҚрҹ‘Ұ	family: man, woman, girl, boy	People & Body	family
рҹ‘ЁвҖҚрҹ‘©вҖҚрҹ‘ҰвҖҚрҹ‘Ұ	family: man, woman, boy, boy	People & Body	family
рҹ‘ЁвҖҚрҹ‘©вҖҚрҹ‘§вҖҚрҹ‘§	family: man, woman, girl, girl	People & Body	family
рҹ‘ЁвҖҚрҹ‘ЁвҖҚрҹ‘Ұ	family: man, man, boy	People & Body	family
рҹ‘ЁвҖҚрҹ‘ЁвҖҚрҹ‘§	family: man, man, girl	People & Body	family
рҹ‘ЁвҖҚрҹ‘ЁвҖҚрҹ‘§вҖҚрҹ‘Ұ	family: man, man, girl, boy	People & Body	family
рҹ‘ЁвҖҚрҹ‘ЁвҖҚрҹ‘ҰвҖҚрҹ‘Ұ	family: man, man, boy, boy	People & Body	family
рҹ‘ЁвҖҚрҹ‘ЁвҖҚрҹ‘§вҖҚрҹ‘§	family: man, man, girl, girl	People & Body	family
рҹ‘©вҖҚрҹ‘©вҖҚрҹ‘Ұ	family: woman, woman, boy	People & Body	family
рҹ‘©вҖҚрҹ‘©вҖҚрҹ‘§	family: woman, woman, girl	People & Body	family
рҹ‘©вҖҚрҹ‘©вҖҚрҹ‘§вҖҚрҹ‘Ұ	family: woman, woman, girl, boy	People & Body	family
рҹ‘©вҖҚрҹ‘©вҖҚрҹ‘ҰвҖҚрҹ‘Ұ	family: woman, woman, boy, boy	People & Body	family
рҹ‘©вҖҚрҹ‘©вҖҚрҹ‘§вҖҚрҹ‘§	family: woman, woman, girl, girl	People & Body	family
рҹ‘ЁвҖҚрҹ‘Ұ	family: man, boy	People & Body	family
рҹ‘ЁвҖҚрҹ‘ҰвҖҚрҹ‘Ұ	family: man, boy, boy	People & Body	family
рҹ‘ЁвҖҚрҹ‘§	family: man, girl	People & Body	family
рҹ‘ЁвҖҚрҹ‘§вҖҚрҹ‘Ұ	family: man, girl, boy	People & Body	family
рҹ‘ЁвҖҚрҹ‘§вҖҚрҹ‘§	family: man, girl, girl	People & Body	family
рҹ‘©вҖҚрҹ‘Ұ	family: woman, boy	People & Body	family
рҹ‘©вҖҚрҹ‘ҰвҖҚрҹ‘Ұ	family: woman, boy, boy	People & Body	family
рҹ‘©вҖҚрҹ‘§	family: woman, girl	People & Body	family
рҹ‘©вҖҚрҹ‘§вҖҚрҹ‘Ұ	family: woman, girl, boy	People & Body	family
рҹ‘©вҖҚрҹ‘§вҖҚрҹ‘§	family: woman, girl, girl	People & Body	family
рҹ—ЈпёҸ	speaking head	People & Body	person-symbol
рҹ‘Ө	bust in silhouette	People & Body	person-symbol
рҹ‘Ҙ	busts in silhouette	People & Body	person-symbol
рҹ«Ӯ	people hugging	People & Body	person-symbol
рҹ‘Ә	family	People & Body	person-symbol
рҹ§‘вҖҚрҹ§‘вҖҚрҹ§’	family: adult, adult, child	People & Body	person-symbol
рҹ§‘вҖҚрҹ§‘вҖҚрҹ§’вҖҚрҹ§’	family: adult, adult, child, child	People & Body	person-symbol
рҹ§‘вҖҚрҹ§’	family: adult, child	People & Body	person-symbol
рҹ§‘вҖҚрҹ§’вҖҚрҹ§’	family: adult, child, child	People & Body	person-symbol
рҹ‘Ј	footprints	People & Body	person-symbol
рҹ«Ҷ	fingerprint	People & Body	person-symbol
рҹҗө	monkey face	Animals & Nature	animal-mammal
рҹҗ’	monkey	Animals & Nature	animal-mammal
рҹҰҚ	gorilla	Animals & Nature	animal-mammal
рҹҰ§	orangutan	Animals & Nature	animal-mammal
рҹҗ¶	dog face	Animals & Nature	animal-mammal
рҹҗ•	dog	Animals & Nature	animal-mammal
рҹҰ®	guide dog	Animals & Nature	animal-mammal
рҹҗ•вҖҚрҹҰә	service dog	Animals & Nature	animal-mammal
рҹҗ©	poodle	Animals & Nature	animal-mammal
рҹҗә	wolf	Animals & Nature	animal-mammal
рҹҰҠ	fox	Animals & Nature	animal-mammal
рҹҰқ	raccoon	Animals & Nature	animal-mammal
рҹҗұ	cat face	Animals & Nature	animal-mammal
рҹҗҲ	cat	Animals & Nature	animal-mammal
рҹҗҲвҖҚв¬ӣ	black cat	Animals & Nature	animal-mammal
рҹҰҒ	lion	Animals & Nature	animal-mammal
рҹҗҜ	tiger face	Animals & Nature	animal-mammal
рҹҗ…	tiger	Animals & Nature	animal-mammal
рҹҗҶ	leopard	Animals & Nature	animal-mammal
рҹҗҙ	horse face	Animals & Nature	animal-mammal
рҹ«Һ	moose	Animals & Nature	animal-mammal
рҹ«Ҹ	donkey	Animals & Nature	animal-mammal
рҹҗҺ	horse	Animals & Nature	animal-mammal
рҹҰ„	unicorn	Animals & Nature	animal-mammal
рҹҰ“	zebra	Animals & Nature	animal-mammal
рҹҰҢ	deer	Animals & Nature	animal-mammal
рҹҰ¬	bison	Animals & Nature	animal-mammal
рҹҗ®	cow face	Animals & Nature	animal-mammal
рҹҗӮ	ox	Animals & Nature	animal-mammal
рҹҗғ	water buffalo	Animals & Nature	animal-mammal
рҹҗ„	cow	Animals & Nature	animal-mammal
рҹҗ·	pig face	Animals & Nature	animal-mammal
рҹҗ–	pig	Animals & Nature	animal-mammal
рҹҗ—	boar	Animals & Nature	animal-mammal
рҹҗҪ	pig nose	Animals & Nature	animal-mammal
рҹҗҸ	ram	Animals & Nature	animal-mammal
рҹҗ‘	ewe	Animals & Nature	animal-mammal
рҹҗҗ	goat	Animals & Nature	animal-mammal
рҹҗӘ	camel	Animals & Nature	animal-mammal
рҹҗ«	two-hump camel	Animals & Nature	animal-mammal
рҹҰҷ	llama	Animals & Nature	animal-mammal
рҹҰ’	giraffe	Animals & Nature	animal-mammal
рҹҗҳ	elephant	Animals & Nature	animal-mammal
рҹҰЈ	mammoth	Animals & Nature	animal-mammal
рҹҰҸ	rhinoceros	Animals & Nature	animal-mammal
рҹҰӣ	hippopotamus	Animals & Nature	animal-mammal
рҹҗӯ	mouse face	Animals & Nature	animal-mammal
рҹҗҒ	mouse	Animals & Nature	animal-mammal
рҹҗҖ	rat	Animals & Nature	animal-mammal
рҹҗ№	hamster	Animals & Nature	animal-mammal
рҹҗ°	rabbit face	Animals & Nature	animal-mammal
рҹҗҮ	rabbit	Animals & Nature	animal-mammal
рҹҗҝпёҸ	chipmunk	Animals & Nature	animal-mammal
рҹҰ«	beaver	Animals & Nature	animal-mammal
рҹҰ”	hedgehog	Animals & Nature	animal-mammal
рҹҰҮ	bat	Animals & Nature	animal-mammal
рҹҗ»	bear	Animals & Nature	animal-mammal
рҹҗ»вҖҚвқ„пёҸ	polar bear	Animals & Nature	animal-mammal
рҹҗЁ	koala	Animals & Nature	animal-mammal
рҹҗј	panda	Animals & Nature	animal-mammal
рҹҰҘ	sloth	Animals & Nature	animal-mammal
рҹҰҰ	otter	Animals & Nature	animal-mammal
рҹҰЁ	skunk	Animals & Nature	animal-mammal
рҹҰҳ	kangaroo	Animals & Nature	animal-mammal
рҹҰЎ	badger	Animals & Nature	animal-mammal
рҹҗҫ	paw prints	Animals & Nature	animal-mammal
рҹҰғ	turkey	Animals & Nature	animal-bird
рҹҗ”	chicken	Animals & Nature	animal-bird
рҹҗ“	rooster	Animals & Nature	animal-bird
рҹҗЈ	hatching chick	Animals & Nature	animal-bird
рҹҗӨ	baby chick	Animals & Nature	animal-bird
рҹҗҘ	front-facing baby chick	Animals & Nature	animal-bird
рҹҗҰ	bird	Animals & Nature	animal-bird
рҹҗ§	penguin	Animals & Nature	animal-bird
рҹ•ҠпёҸ	dove	Animals & Nature	animal-bird
рҹҰ…	eagle	Animals & Nature	animal-bird
рҹҰҶ	duck	Animals & Nature	animal-bird
рҹҰў	swan	Animals & Nature	animal-bird
рҹҰү	owl	Animals & Nature	animal-bird
рҹҰӨ	dodo	Animals & Nature	animal-bird
рҹӘ¶	feather	Animals & Nature	animal-bird
рҹҰ©	flamingo	Animals & Nature	animal-bird
рҹҰҡ	peacock	Animals & Nature	animal-bird
рҹҰң	parrot	Animals & Nature	animal-bird
рҹӘҪ	wing	Animals & Nature	animal-bird
рҹҗҰвҖҚв¬ӣ	black bird	Animals & Nature	animal-bird
рҹӘҝ	goose	Animals & Nature	animal-bird
рҹҗҰвҖҚрҹ”Ҙ	phoenix	Animals & Nature	animal-bird
рҹҗё	frog	Animals & Nature	animal-amphibian
рҹҗҠ	crocodile	Animals & Nature	animal-reptile
рҹҗў	turtle	Animals & Nature	animal-reptile
рҹҰҺ	lizard	Animals & Nature	animal-reptile
рҹҗҚ	snake	Animals & Nature	animal-reptile
рҹҗІ	dragon face	Animals & Nature	animal-reptile
рҹҗү	dragon	Animals & Nature	animal-reptile
рҹҰ•	sauropod	Animals & Nature	animal-reptile
рҹҰ–	T-Rex	Animals & Nature	animal-reptile
рҹҗі	spouting whale	Animals & Nature	animal-marine
рҹҗӢ	whale	Animals & Nature	animal-marine
рҹҗ¬	dolphin	Animals & Nature	animal-marine
рҹ«Қ	orca	Animals & Nature	animal-marine
рҹҰӯ	seal	Animals & Nature	animal-marine
рҹҗҹ	fish	Animals & Nature	animal-marine
рҹҗ 	tropical fish	Animals & Nature	animal-marine
рҹҗЎ	blowfish	Animals & Nature	animal-marine
рҹҰҲ	shark	Animals & Nature	animal-marine
рҹҗҷ	octopus	Animals & Nature	animal-marine
рҹҗҡ	spiral shell	Animals & Nature	animal-marine
рҹӘё	coral	Animals & Nature	animal-marine
рҹӘј	jellyfish	Animals & Nature	animal-marine
рҹҰҖ	crab	Animals & Nature	animal-marine
рҹҰһ	lobster	Animals & Nature	animal-marine
рҹҰҗ	shrimp	Animals & Nature	animal-marine
рҹҰ‘	squid	Animals & Nature	animal-marine
рҹҰӘ	oyster	Animals & Nature	animal-marine
рҹҗҢ	snail	Animals & Nature	animal-bug
рҹҰӢ	butterfly	Animals & Nature	animal-bug
рҹҗӣ	bug	Animals & Nature	animal-bug
рҹҗң	ant	Animals & Nature	animal-bug
рҹҗқ	honeybee	Animals & Nature	animal-bug
рҹӘІ	beetle	Animals & Nature	animal-bug
рҹҗһ	lady beetle	Animals & Nature	animal-bug
рҹҰ—	cricket	Animals & Nature	animal-bug
рҹӘі	cockroach	Animals & Nature	animal-bug
рҹ•·пёҸ	spider	Animals & Nature	animal-bug
рҹ•ёпёҸ	spider web	Animals & Nature	animal-bug
рҹҰӮ	scorpion	Animals & Nature	animal-bug
рҹҰҹ	mosquito	Animals & Nature	animal-bug
рҹӘ°	fly	Animals & Nature	animal-bug
рҹӘұ	worm	Animals & Nature	animal-bug
рҹҰ 	microbe	Animals & Nature	animal-bug
рҹ’җ	bouquet	Animals & Nature	plant-flower
рҹҢё	cherry blossom	Animals & Nature	plant-flower
рҹ’®	white flower	Animals & Nature	plant-flower
рҹӘ·	lotus	Animals & Nature	plant-flower
рҹҸөпёҸ	rosette	Animals & Nature	plant-flower
рҹҢ№	rose	Animals & Nature	plant-flower
рҹҘҖ	wilted flower	Animals & Nature	plant-flower
рҹҢә	hibiscus	Animals & Nature	plant-flower
рҹҢ»	sunflower	Animals & Nature	plant-flower
рҹҢј	blossom	Animals & Nature	plant-flower
рҹҢ·	tulip	Animals & Nature	plant-flower
рҹӘ»	hyacinth	Animals & Nature	plant-flower
рҹҢұ	seedling	Animals & Nature	plant-other
рҹӘҙ	potted plant	Animals & Nature	plant-other
рҹҢІ	evergreen tree	Animals & Nature	plant-other
рҹҢі	deciduous tree	Animals & Nature	plant-other
рҹҢҙ	palm tree	Animals & Nature	plant-other
рҹҢө	cactus	Animals & Nature	plant-other
рҹҢҫ	sheaf of rice	Animals & Nature	plant-other
рҹҢҝ	herb	Animals & Nature	plant-other
вҳҳпёҸ	shamrock	Animals & Nature	plant-other
рҹҚҖ	four leaf clover	Animals & Nature	plant-other
рҹҚҒ	maple leaf	Animals & Nature	plant-other
рҹҚӮ	fallen leaf	Animals & Nature	plant-other
рҹҚғ	leaf fluttering in wind	Animals & Nature	plant-other
рҹӘ№	empty nest	Animals & Nature	plant-other
рҹӘә	nest with eggs	Animals & Nature	plant-other
рҹҚ„	mushroom	Animals & Nature	plant-other
рҹӘҫ	leafless tree	Animals & Nature	plant-other
рҹҚҮ	grapes	Food & Drink	food-fruit
рҹҚҲ	melon	Food & Drink	food-fruit
рҹҚү	watermelon	Food & Drink	food-fruit
рҹҚҠ	tangerine	Food & Drink	food-fruit
рҹҚӢ	lemon	Food & Drink	food-fruit
рҹҚӢвҖҚрҹҹ©	lime	Food & Drink	food-fruit
рҹҚҢ	banana	Food & Drink	food-fruit
рҹҚҚ	pineapple	Food & Drink	food-fruit
рҹҘӯ	mango	Food & Drink	food-fruit
рҹҚҺ	red apple	Food & Drink	food-fruit
рҹҚҸ	green apple	Food & Drink	food-fruit
рҹҚҗ	pear	Food & Drink	food-fruit
рҹҚ‘	peach	Food & Drink	food-fruit
рҹҚ’	cherries	Food & Drink	food-fruit
рҹҚ“	strawberry	Food & Drink	food-fruit
рҹ«җ	blueberries	Food & Drink	food-fruit
рҹҘқ	kiwi fruit	Food & Drink	food-fruit
рҹҚ…	tomato	Food & Drink	food-fruit
рҹ«’	olive	Food & Drink	food-fruit
рҹҘҘ	coconut	Food & Drink	food-fruit
рҹҘ‘	avocado	Food & Drink	food-vegetable
рҹҚҶ	eggplant	Food & Drink	food-vegetable
рҹҘ”	potato	Food & Drink	food-vegetable
рҹҘ•	carrot	Food & Drink	food-vegetable
рҹҢҪ	ear of corn	Food & Drink	food-vegetable
рҹҢ¶пёҸ	hot pepper	Food & Drink	food-vegetable
рҹ«‘	bell pepper	Food & Drink	food-vegetable
рҹҘ’	cucumber	Food & Drink	food-vegetable
рҹҘ¬	leafy green	Food & Drink	food-vegetable
рҹҘҰ	broccoli	Food & Drink	food-vegetable
рҹ§„	garlic	Food & Drink	food-vegetable
рҹ§…	onion	Food & Drink	food-vegetable
рҹҘң	peanuts	Food & Drink	food-vegetable
рҹ«ҳ	beans	Food & Drink	food-vegetable
рҹҢ°	chestnut	Food & Drink	food-vegetable
рҹ«ҡ	ginger root	Food & Drink	food-vegetable
рҹ«ӣ	pea pod	Food & Drink	food-vegetable
рҹҚ„вҖҚрҹҹ«	brown mushroom	Food & Drink	food-vegetable
рҹ«ң	root vegetable	Food & Drink	food-vegetable
рҹҚһ	bread	Food & Drink	food-prepared
рҹҘҗ	croissant	Food & Drink	food-prepared
рҹҘ–	baguette bread	Food & Drink	food-prepared
рҹ«“	flatbread	Food & Drink	food-prepared
рҹҘЁ	pretzel	Food & Drink	food-prepared
рҹҘҜ	bagel	Food & Drink	food-prepared
рҹҘһ	pancakes	Food & Drink	food-prepared
рҹ§Ү	waffle	Food & Drink	food-prepared
рҹ§Җ	cheese wedge	Food & Drink	food-prepared
рҹҚ–	meat on bone	Food & Drink	food-prepared
рҹҚ—	poultry leg	Food & Drink	food-prepared
рҹҘ©	cut of meat	Food & Drink	food-prepared
рҹҘ“	bacon	Food & Drink	food-prepared
рҹҚ”	hamburger	Food & Drink	food-prepared
рҹҚҹ	french fries	Food & Drink	food-prepared
рҹҚ•	pizza	Food & Drink	food-prepared
рҹҢӯ	hot dog	Food & Drink	food-prepared
рҹҘӘ	sandwich	Food & Drink	food-prepared
рҹҢ®	taco	Food & Drink	food-prepared
рҹҢҜ	burrito	Food & Drink	food-prepared
рҹ«”	tamale	Food & Drink	food-prepared
рҹҘҷ	stuffed flatbread	Food & Drink	food-prepared
рҹ§Ҷ	falafel	Food & Drink	food-prepared
рҹҘҡ	egg	Food & Drink	food-prepared
рҹҚі	cooking	Food & Drink	food-prepared
рҹҘҳ	shallow pan of food	Food & Drink	food-prepared
рҹҚІ	pot of food	Food & Drink	food-prepared
рҹ«•	fondue	Food & Drink	food-prepared
рҹҘЈ	bowl with spoon	Food & Drink	food-prepared
рҹҘ—	green salad	Food & Drink	food-prepared
рҹҚҝ	popcorn	Food & Drink	food-prepared
рҹ§Ҳ	butter	Food & Drink	food-prepared
рҹ§Ӯ	salt	Food & Drink	food-prepared
рҹҘ«	canned food	Food & Drink	food-prepared
рҹҚұ	bento box	Food & Drink	food-asian
рҹҚҳ	rice cracker	Food & Drink	food-asian
рҹҚҷ	rice ball	Food & Drink	food-asian
рҹҚҡ	cooked rice	Food & Drink	food-asian
рҹҚӣ	curry rice	Food & Drink	food-asian
рҹҚң	steaming bowl	Food & Drink	food-asian
рҹҚқ	spaghetti	Food & Drink	food-asian
рҹҚ 	roasted sweet potato	Food & Drink	food-asian
рҹҚў	oden	Food & Drink	food-asian
рҹҚЈ	sushi	Food & Drink	food-asian
рҹҚӨ	fried shrimp	Food & Drink	food-asian
рҹҚҘ	fish cake with swirl	Food & Drink	food-asian
рҹҘ®	moon cake	Food & Drink	food-asian
рҹҚЎ	dango	Food & Drink	food-asian
рҹҘҹ	dumpling	Food & Drink	food-asian
рҹҘ 	fortune cookie	Food & Drink	food-asian
рҹҘЎ	takeout box	Food & Drink	food-asian
рҹҚҰ	soft ice cream	Food & Drink	food-sweet
рҹҚ§	shaved ice	Food & Drink	food-sweet
рҹҚЁ	ice cream	Food & Drink	food-sweet
рҹҚ©	doughnut	Food & Drink	food-sweet
рҹҚӘ	cookie	Food & Drink	food-sweet
рҹҺӮ	birthday cake	Food & Drink	food-sweet
рҹҚ°	shortcake	Food & Drink	food-sweet
рҹ§Ғ	cupcake	Food & Drink	food-sweet
рҹҘ§	pie	Food & Drink	food-sweet
рҹҚ«	chocolate bar	Food & Drink	food-sweet
рҹҚ¬	candy	Food & Drink	food-sweet
рҹҚӯ	lollipop	Food & Drink	food-sweet
рҹҚ®	custard	Food & Drink	food-sweet
рҹҚҜ	honey pot	Food & Drink	food-sweet
рҹҚј	baby bottle	Food & Drink	drink
рҹҘӣ	glass of milk	Food & Drink	drink
вҳ•	hot beverage	Food & Drink	drink
рҹ«–	teapot	Food & Drink	drink
рҹҚө	teacup without handle	Food & Drink	drink
рҹҚ¶	sake	Food & Drink	drink
рҹҚҫ	bottle with popping cork	Food & Drink	drink
рҹҚ·	wine glass	Food & Drink	drink
рҹҚё	cocktail glass	Food & Drink	drink
рҹҚ№	tropical drink	Food & Drink	drink
рҹҚә	beer mug	Food & Drink	drink
рҹҚ»	clinking beer mugs	Food & Drink	drink
рҹҘӮ	clinking glasses	Food & Drink	drink
рҹҘғ	tumbler glass	Food & Drink	drink
рҹ«—	pouring liquid	Food & Drink	drink
рҹҘӨ	cup with straw	Food & Drink	drink
рҹ§Ӣ	bubble tea	Food & Drink	drink
рҹ§ғ	beverage box	Food & Drink	drink
рҹ§ү	mate	Food & Drink	drink
рҹ§Ҡ	ice	Food & Drink	drink
рҹҘў	chopsticks	Food & Drink	dishware
рҹҚҪпёҸ	fork and knife with plate	Food & Drink	dishware
рҹҚҙ	fork and knife	Food & Drink	dishware
рҹҘ„	spoon	Food & Drink	dishware
рҹ”Ә	kitchen knife	Food & Drink	dishware
рҹ«ҷ	jar	Food & Drink	dishware
рҹҸә	amphora	Food & Drink	dishware
рҹҢҚ	globe showing Europe-Africa	Travel & Places	place-map
рҹҢҺ	globe showing Americas	Travel & Places	place-map
рҹҢҸ	globe showing Asia-Australia	Travel & Places	place-map
рҹҢҗ	globe with meridians	Travel & Places	place-map
рҹ—әпёҸ	world map	Travel & Places	place-map
рҹ—ҫ	map of Japan	Travel & Places	place-map
рҹ§ӯ	compass	Travel & Places	place-map
рҹҸ”пёҸ	snow-capped mountain	Travel & Places	place-geographic
вӣ°пёҸ	mountain	Travel & Places	place-geographic
рҹӣҳ	landslide	Travel & Places	place-geographic
рҹҢӢ	volcano	Travel & Places	place-geographic
рҹ—»	mount fuji	Travel & Places	place-geographic
рҹҸ•пёҸ	camping	Travel & Places	place-geographic
рҹҸ–пёҸ	beach with umbrella	Travel & Places	place-geographic
рҹҸңпёҸ	desert	Travel & Places	place-geographic
рҹҸқпёҸ	desert island	Travel & Places	place-geographic
рҹҸһпёҸ	national park	Travel & Places	place-geographic
рҹҸҹпёҸ	stadium	Travel & Places	place-building
рҹҸӣпёҸ	classical building	Travel & Places	place-building
рҹҸ—пёҸ	building construction	Travel & Places	place-building
рҹ§ұ	brick	Travel & Places	place-building
рҹӘЁ	rock	Travel & Places	place-building
рҹӘө	wood	Travel & Places	place-building
рҹӣ–	hut	Travel & Places	place-building
рҹҸҳпёҸ	houses	Travel & Places	place-building
рҹҸҡпёҸ	derelict house	Travel & Places	place-building
рҹҸ 	house	Travel & Places	place-building
рҹҸЎ	house with garden	Travel & Places	place-building
рҹҸў	office building	Travel & Places	place-building
рҹҸЈ	Japanese post office	Travel & Places	place-building
рҹҸӨ	post office	Travel & Places	place-building
рҹҸҘ	hospital	Travel & Places	place-building
рҹҸҰ	bank	Travel & Places	place-building
рҹҸЁ	hotel	Travel & Places	place-building
рҹҸ©	love hotel	Travel & Places	place-building
рҹҸӘ	convenience store	Travel & Places	place-building
рҹҸ«	school	Travel & Places	place-building
рҹҸ¬	department store	Travel & Places	place-building
рҹҸӯ	factory	Travel & Places	place-building
рҹҸҜ	Japanese castle	Travel & Places	place-building
рҹҸ°	castle	Travel & Places	place-building
рҹ’’	wedding	Travel & Places	place-building
рҹ—ј	Tokyo tower	Travel & Places	place-building
рҹ—Ҫ	Statue of Liberty	Travel & Places	place-building
вӣӘ	church	Travel & Places	place-religious
рҹ•Ң	mosque	Travel & Places	place-religious
рҹӣ•	hindu temple	Travel & Places	place-religious
рҹ•Қ	synagogue	Travel & Places	place-religious
вӣ©пёҸ	shinto shrine	Travel & Places	place-religious
рҹ•Ӣ	kaaba	Travel & Places	place-religious
вӣІ	fountain	Travel & Places	place-other
вӣә	tent	Travel & Places	place-other
рҹҢҒ	foggy	Travel & Places	place-other
рҹҢғ	night with stars	Travel & Places	place-other
рҹҸҷпёҸ	cityscape	Travel & Places	place-other
рҹҢ„	sunrise over mountains	Travel & Places	place-other
рҹҢ…	sunrise	Travel & Places	place-other
рҹҢҶ	cityscape at dusk	Travel & Places	place-other
рҹҢҮ	sunset	Travel & Places	place-other
рҹҢү	bridge at night	Travel & Places	place-other
вҷЁпёҸ	hot springs	Travel & Places	place-other
рҹҺ 	carousel horse	Travel & Places	place-other
рҹӣқ	playground slide	Travel & Places	place-other
рҹҺЎ	ferris wheel	Travel & Places	place-other
рҹҺў	roller coaster	Travel & Places	place-other
рҹ’Ҳ	barber pole	Travel & Places	place-other
рҹҺӘ	circus tent	Travel & Places	place-other
рҹҡӮ	locomotive	Travel & Places	transport-ground
рҹҡғ	railway car	Travel & Places	transport-ground
рҹҡ„	high-speed train	Travel & Places	transport-ground
рҹҡ…	bullet train	Travel & Places	transport-ground
рҹҡҶ	train	Travel & Places	transport-ground
рҹҡҮ	metro	Travel & Places	transport-ground
рҹҡҲ	light rail	Travel & Places	transport-ground
рҹҡү	station	Travel & Places	transport-ground
рҹҡҠ	tram	Travel & Places	transport-ground
рҹҡқ	monorail	Travel & Places	transport-ground
рҹҡһ	mountain railway	Travel & Places	transport-ground
рҹҡӢ	tram car	Travel & Places	transport-ground
рҹҡҢ	bus	Travel & Places	transport-ground
рҹҡҚ	oncoming bus	Travel & Places	transport-ground
рҹҡҺ	trolleybus	Travel & Places	transport-ground
рҹҡҗ	minibus	Travel & Places	transport-ground
рҹҡ‘	ambulance	Travel & Places	transport-ground
рҹҡ’	fire engine	Travel & Places	transport-ground
рҹҡ“	police car	Travel & Places	transport-ground
рҹҡ”	oncoming police car	Travel & Places	transport-ground
рҹҡ•	taxi	Travel & Places	transport-ground
рҹҡ–	oncoming taxi	Travel & Places	transport-ground
рҹҡ—	automobile	Travel & Places	transport-ground
рҹҡҳ	oncoming automobile	Travel & Places	transport-ground
рҹҡҷ	sport utility vehicle	Travel & Places	transport-ground
рҹӣ»	pickup truck	Travel & Places	transport-ground
рҹҡҡ	delivery truck	Travel & Places	transport-ground
рҹҡӣ	articulated lorry	Travel & Places	transport-ground
рҹҡң	tractor	Travel & Places	transport-ground
рҹҸҺпёҸ	racing car	Travel & Places	transport-ground
рҹҸҚпёҸ	motorcycle	Travel & Places	transport-ground
рҹӣө	motor scooter	Travel & Places	transport-ground
рҹҰҪ	manual wheelchair	Travel & Places	transport-ground
рҹҰј	motorized wheelchair	Travel & Places	transport-ground
рҹӣә	auto rickshaw	Travel & Places	transport-ground
рҹҡІ	bicycle	Travel & Places	transport-ground
рҹӣҙ	kick scooter	Travel & Places	transport-ground
рҹӣ№	skateboard	Travel & Places	transport-ground
рҹӣј	roller skate	Travel & Places	transport-ground
рҹҡҸ	bus stop	Travel & Places	transport-ground
рҹӣЈпёҸ	motorway	Travel & Places	transport-ground
рҹӣӨпёҸ	railway track	Travel & Places	transport-ground
рҹӣўпёҸ	oil drum	Travel & Places	transport-ground
вӣҪ	fuel pump	Travel & Places	transport-ground
рҹӣһ	wheel	Travel & Places	transport-ground
рҹҡЁ	police car light	Travel & Places	transport-ground
рҹҡҘ	horizontal traffic light	Travel & Places	transport-ground
рҹҡҰ	vertical traffic light	Travel & Places	transport-ground
рҹӣ‘	stop sign	Travel & Places	transport-ground
рҹҡ§	construction	Travel & Places	transport-ground
вҡ“	anchor	Travel & Places	transport-water
рҹӣҹ	ring buoy	Travel & Places	transport-water
вӣө	sailboat	Travel & Places	transport-water
рҹӣ¶	canoe	Travel & Places	transport-water
рҹҡӨ	speedboat	Travel & Places	transport-water
рҹӣіпёҸ	passenger ship	Travel & Places	transport-water
вӣҙпёҸ	ferry	Travel & Places	transport-water
рҹӣҘпёҸ	motor boat	Travel & Places	transport-water
рҹҡў	ship	Travel & Places	transport-water
вңҲпёҸ	airplane	Travel & Places	transport-air
рҹӣ©пёҸ	small airplane	Travel & Places	transport-air
рҹӣ«	airplane departure	Travel & Places	transport-air
рҹӣ¬	airplane arrival	Travel & Places	transport-air
рҹӘӮ	parachute	Travel & Places	transport-air
рҹ’ә	seat	Travel & Places	transport-air
рҹҡҒ	helicopter	Travel & Places	transport-air
рҹҡҹ	suspension railway	Travel & Places	transport-air
рҹҡ 	mountain cableway	Travel & Places	transport-air
рҹҡЎ	aerial tramway	Travel & Places	transport-air
рҹӣ°пёҸ	satellite	Travel & Places	transport-air
рҹҡҖ	rocket	Travel & Places	transport-air
рҹӣё	flying saucer	Travel & Places	transport-air
рҹӣҺпёҸ	bellhop bell	Travel & Places	hotel
рҹ§і	luggage	Travel & Places	hotel
вҢӣ	hourglass done	Travel & Places	time
вҸі	hourglass not done	Travel & Places	time
вҢҡ	watch	Travel & Places	time
вҸ°	alarm clock	Travel & Places	time
вҸұпёҸ	stopwatch	Travel & Places	time
вҸІпёҸ	timer clock	Travel & Places	time
рҹ•°пёҸ	mantelpiece clock	Travel & Places	time
рҹ•ӣ	twelve oвҖҷclock	Travel & Places	time
рҹ•§	twelve-thirty	Travel & Places	time
рҹ•җ	one oвҖҷclock	Travel & Places	time
рҹ•ң	one-thirty	Travel & Places	time
рҹ•‘	two oвҖҷclock	Travel & Places	time
рҹ•қ	two-thirty	Travel & Places	time
рҹ•’	three oвҖҷclock	Travel & Places	time
рҹ•һ	three-thirty	Travel & Places	time
рҹ•“	four oвҖҷclock	Travel & Places	time
рҹ•ҹ	four-thirty	Travel & Places	time
рҹ•”	five oвҖҷclock	Travel & Places	time
рҹ• 	five-thirty	Travel & Places	time
рҹ••	six oвҖҷclock	Travel & Places	time
рҹ•Ў	six-thirty	Travel & Places	time
рҹ•–	seven oвҖҷclock	Travel & Places	time
рҹ•ў	seven-thirty	Travel & Places	time
рҹ•—	eight oвҖҷclock	Travel & Places	time
рҹ•Ј	eight-thirty	Travel & Places	time
рҹ•ҳ	nine oвҖҷclock	Travel & Places	time
рҹ•Ө	nine-thirty	Travel & Places	time
рҹ•ҷ	ten oвҖҷclock	Travel & Places	time
рҹ•Ҙ	ten-thirty	Travel & Places	time
рҹ•ҡ	eleven oвҖҷclock	Travel & Places	time
рҹ•Ұ	eleven-thirty	Travel & Places	time
рҹҢ‘	new moon	Travel & Places	sky & weather
рҹҢ’	waxing crescent moon	Travel & Places	sky & weather
рҹҢ“	first quarter moon	Travel & Places	sky & weather
рҹҢ”	waxing gibbous moon	Travel & Places	sky & weather
рҹҢ•	full moon	Travel & Places	sky & weather
рҹҢ–	waning gibbous moon	Travel & Places	sky & weather
рҹҢ—	last quarter moon	Travel & Places	sky & weather
рҹҢҳ	waning crescent moon	Travel & Places	sky & weather
рҹҢҷ	crescent moon	Travel & Places	sky & weather
рҹҢҡ	new moon face	Travel & Places	sky & weather
рҹҢӣ	first quarter moon face	Travel & Places	sky & weather
рҹҢң	last quarter moon face	Travel & Places	sky & weather
рҹҢЎпёҸ	thermometer	Travel & Places	sky & weather
вҳҖпёҸ	sun	Travel & Places	sky & weather
рҹҢқ	full moon face	Travel & Places	sky & weather
рҹҢһ	sun with face	Travel & Places	sky & weather
рҹӘҗ	ringed planet	Travel & Places	sky & weather
вӯҗ	star	Travel & Places	sky & weather
рҹҢҹ	glowing star	Travel & Places	sky & weather
рҹҢ 	shooting star	Travel & Places	sky & weather
рҹҢҢ	milky way	Travel & Places	sky & weather
вҳҒпёҸ	cloud	Travel & Places	sky & weather
вӣ…	sun behind cloud	Travel & Places	sky & weather
вӣҲпёҸ	cloud with lightning and rain	Travel & Places	sky & weather
рҹҢӨпёҸ	sun behind small cloud	Travel & Places	sky & weather
рҹҢҘпёҸ	sun behind large cloud	Travel & Places	sky & weather
рҹҢҰпёҸ	sun behind rain cloud	Travel & Places	sky & weather
рҹҢ§пёҸ	cloud with rain	Travel & Places	sky & weather
рҹҢЁпёҸ	cloud with snow	Travel & Places	sky & weather
рҹҢ©пёҸ	cloud with lightning	Travel & Places	sky & weather
рҹҢӘпёҸ	tornado	Travel & Places	sky & weather
рҹҢ«пёҸ	fog	Travel & Places	sky & weather
рҹҢ¬пёҸ	wind face	Travel & Places	sky & weather
рҹҢҖ	cyclone	Travel & Places	sky & weather
рҹҢҲ	rainbow	Travel & Places	sky & weather
рҹҢӮ	closed umbrella	Travel & Places	sky & weather
вҳӮпёҸ	umbrella	Travel & Places	sky & weather
вҳ”	umbrella with rain drops	Travel & Places	sky & weather
вӣұпёҸ	umbrella on ground	Travel & Places	sky & weather
вҡЎ	high voltage	Travel & Places	sky & weather
вқ„пёҸ	snowflake	Travel & Places	sky & weather
вҳғпёҸ	snowman	Travel & Places	sky & weather
вӣ„	snowman without snow	Travel & Places	sky & weather
вҳ„пёҸ	comet	Travel & Places	sky & weather
рҹ”Ҙ	fire	Travel & Places	sky & weather
рҹ’§	droplet	Travel & Places	sky & weather
рҹҢҠ	water wave	Travel & Places	sky & weather
рҹҺғ	jack-o-lantern	Activities	event
рҹҺ„	Christmas tree	Activities	event
рҹҺҶ	fireworks	Activities	event
рҹҺҮ	sparkler	Activities	event
рҹ§Ё	firecracker	Activities	event
вңЁ	sparkles	Activities	event
рҹҺҲ	balloon	Activities	event
рҹҺү	party popper	Activities	event
рҹҺҠ	confetti ball	Activities	event
рҹҺӢ	tanabata tree	Activities	event
рҹҺҚ	pine decoration	Activities	event
рҹҺҺ	Japanese dolls	Activities	event
рҹҺҸ	carp streamer	Activities	event
рҹҺҗ	wind chime	Activities	event
рҹҺ‘	moon viewing ceremony	Activities	event
рҹ§§	red envelope	Activities	event
рҹҺҖ	ribbon	Activities	event
рҹҺҒ	wrapped gift	Activities	event
рҹҺ—пёҸ	reminder ribbon	Activities	event
рҹҺҹпёҸ	admission tickets	Activities	event
рҹҺ«	ticket	Activities	event
рҹҺ–пёҸ	military medal	Activities	award-medal
рҹҸҶ	trophy	Activities	award-medal
рҹҸ…	sports medal	Activities	award-medal
рҹҘҮ	1st place medal	Activities	award-medal
рҹҘҲ	2nd place medal	Activities	award-medal
рҹҘү	3rd place medal	Activities	award-medal
вҡҪ	soccer ball	Activities	sport
вҡҫ	baseball	Activities	sport
рҹҘҺ	softball	Activities	sport
рҹҸҖ	basketball	Activities	sport
рҹҸҗ	volleyball	Activities	sport
рҹҸҲ	american football	Activities	sport
рҹҸү	rugby football	Activities	sport
рҹҺҫ	tennis	Activities	sport
рҹҘҸ	flying disc	Activities	sport
рҹҺі	bowling	Activities	sport
рҹҸҸ	cricket game	Activities	sport
рҹҸ‘	field hockey	Activities	sport
рҹҸ’	ice hockey	Activities	sport
рҹҘҚ	lacrosse	Activities	sport
рҹҸ“	ping pong	Activities	sport
рҹҸё	badminton	Activities	sport
рҹҘҠ	boxing glove	Activities	sport
рҹҘӢ	martial arts uniform	Activities	sport
рҹҘ…	goal net	Activities	sport
вӣі	flag in hole	Activities	sport
вӣёпёҸ	ice skate	Activities	sport
рҹҺЈ	fishing pole	Activities	sport
рҹӨҝ	diving mask	Activities	sport
рҹҺҪ	running shirt	Activities	sport
рҹҺҝ	skis	Activities	sport
рҹӣ·	sled	Activities	sport
рҹҘҢ	curling stone	Activities	sport
рҹҺҜ	bullseye	Activities	game
рҹӘҖ	yo-yo	Activities	game
рҹӘҒ	kite	Activities	game
рҹ”«	water pistol	Activities	game
рҹҺұ	pool 8 ball	Activities	game
рҹ”®	crystal ball	Activities	game
рҹӘ„	magic wand	Activities	game
рҹҺ®	video game	Activities	game
рҹ•№пёҸ	joystick	Activities	game
рҹҺ°	slot machine	Activities	game
рҹҺІ	game die	Activities	game
рҹ§©	puzzle piece	Activities	game
рҹ§ё	teddy bear	Activities	game
рҹӘ…	piГұata	Activities	game
рҹӘ©	mirror ball	Activities	game
рҹӘҶ	nesting dolls	Activities	game
вҷ пёҸ	spade suit	Activities	game
вҷҘпёҸ	heart suit	Activities	game
вҷҰпёҸ	diamond suit	Activities	game
вҷЈпёҸ	club suit	Activities	game
вҷҹпёҸ	chess pawn	Activities	game
рҹғҸ	joker	Activities	game
рҹҖ„	mahjong red dragon	Activities	game
рҹҺҙ	flower playing cards	Activities	game
рҹҺӯ	performing arts	Activities	arts & crafts
рҹ–јпёҸ	framed picture	Activities	arts & crafts
рҹҺЁ	artist palette	Activities	arts & crafts
рҹ§ө	thread	Activities	arts & crafts
рҹӘЎ	sewing needle	Activities	arts & crafts
рҹ§¶	yarn	Activities	arts & crafts
рҹӘў	knot	Activities	arts & crafts
рҹ‘“	glasses	Objects	clothing
рҹ•¶пёҸ	sunglasses	Objects	clothing
рҹҘҪ	goggles	Objects	clothing
рҹҘј	lab coat	Objects	clothing
рҹҰә	safety vest	Objects	clothing
рҹ‘”	necktie	Objects	clothing
рҹ‘•	t-shirt	Objects	clothing
рҹ‘–	jeans	Objects	clothing
рҹ§Ј	scarf	Objects	clothing
рҹ§Ө	gloves	Objects	clothing
рҹ§Ҙ	coat	Objects	clothing
рҹ§Ұ	socks	Objects	clothing
рҹ‘—	dress	Objects	clothing
рҹ‘ҳ	kimono	Objects	clothing
рҹҘ»	sari	Objects	clothing
рҹ©ұ	one-piece swimsuit	Objects	clothing
рҹ©І	briefs	Objects	clothing
рҹ©і	shorts	Objects	clothing
рҹ‘ҷ	bikini	Objects	clothing
рҹ‘ҡ	womanвҖҷs clothes	Objects	clothing
рҹӘӯ	folding hand fan	Objects	clothing
рҹ‘ӣ	purse	Objects	clothing
рҹ‘ң	handbag	Objects	clothing
рҹ‘қ	clutch bag	Objects	clothing
рҹӣҚпёҸ	shopping bags	Objects	clothing
рҹҺ’	backpack	Objects	clothing
рҹ©ҙ	thong sandal	Objects	clothing
рҹ‘һ	manвҖҷs shoe	Objects	clothing
рҹ‘ҹ	running shoe	Objects	clothing
рҹҘҫ	hiking boot	Objects	clothing
рҹҘҝ	flat shoe	Objects	clothing
рҹ‘ 	high-heeled shoe	Objects	clothing
рҹ‘Ў	womanвҖҷs sandal	Objects	clothing
рҹ©°	ballet shoes	Objects	clothing
рҹ‘ў	womanвҖҷs boot	Objects	clothing
рҹӘ®	hair pick	Objects	clothing
рҹ‘‘	crown	Objects	clothing
рҹ‘’	womanвҖҷs hat	Objects	clothing
рҹҺ©	top hat	Objects	clothing
рҹҺ“	graduation cap	Objects	clothing
рҹ§ў	billed cap	Objects	clothing
рҹӘ–	military helmet	Objects	clothing
вӣ‘пёҸ	rescue workerвҖҷs helmet	Objects	clothing
рҹ“ҝ	prayer beads	Objects	clothing
рҹ’„	lipstick	Objects	clothing
рҹ’Қ	ring	Objects	clothing
рҹ’Һ	gem stone	Objects	clothing
рҹ”Ү	muted speaker	Objects	sound
рҹ”Ҳ	speaker low volume	Objects	sound
рҹ”ү	speaker medium volume	Objects	sound
рҹ”Ҡ	speaker high volume	Objects	sound
рҹ“ў	loudspeaker	Objects	sound
рҹ“Ј	megaphone	Objects	sound
рҹ“Ҝ	postal horn	Objects	sound
рҹ””	bell	Objects	sound
рҹ”•	bell with slash	Objects	sound
рҹҺј	musical score	Objects	music
рҹҺө	musical note	Objects	music
рҹҺ¶	musical notes	Objects	music
рҹҺҷпёҸ	studio microphone	Objects	music
рҹҺҡпёҸ	level slider	Objects	music
рҹҺӣпёҸ	control knobs	Objects	music
рҹҺӨ	microphone	Objects	music
рҹҺ§	headphone	Objects	music
рҹ“»	radio	Objects	music
рҹҺ·	saxophone	Objects	musical-instrument
рҹҺә	trumpet	Objects	musical-instrument
рҹӘҠ	trombone	Objects	musical-instrument
рҹӘ—	accordion	Objects	musical-instrument
рҹҺё	guitar	Objects	musical-instrument
рҹҺ№	musical keyboard	Objects	musical-instrument
рҹҺ»	violin	Objects	musical-instrument
рҹӘ•	banjo	Objects	musical-instrument
рҹҘҒ	drum	Objects	musical-instrument
рҹӘҳ	long drum	Objects	musical-instrument
рҹӘҮ	maracas	Objects	musical-instrument
рҹӘҲ	flute	Objects	musical-instrument
рҹӘү	harp	Objects	musical-instrument
рҹ“ұ	mobile phone	Objects	phone
рҹ“І	mobile phone with arrow	Objects	phone
вҳҺпёҸ	telephone	Objects	phone
рҹ“һ	telephone receiver	Objects	phone
рҹ“ҹ	pager	Objects	phone
рҹ“ 	fax machine	Objects	phone
рҹ”Ӣ	battery	Objects	computer
рҹӘ«	low battery	Objects	computer
рҹ”Ң	electric plug	Objects	computer
рҹ’»	laptop	Objects	computer
рҹ–ҘпёҸ	desktop computer	Objects	computer
рҹ–ЁпёҸ	printer	Objects	computer
вҢЁпёҸ	keyboard	Objects	computer
рҹ–ұпёҸ	computer mouse	Objects	computer
рҹ–ІпёҸ	trackball	Objects	computer
рҹ’Ҫ	computer disk	Objects	computer
рҹ’ҫ	floppy disk	Objects	computer
рҹ’ҝ	optical disk	Objects	computer
рҹ“Җ	dvd	Objects	computer
рҹ§®	abacus	Objects	computer
рҹҺҘ	movie camera	Objects	light & video
рҹҺһпёҸ	film frames	Objects	light & video
рҹ“ҪпёҸ	film projector	Objects	light & video
рҹҺ¬	clapper board	Objects	light & video
рҹ“ә	television	Objects	light & video
рҹ“·	camera	Objects	light & video
рҹ“ё	camera with flash	Objects	light & video
рҹ“№	video camera	Objects	light & video
рҹ“ј	videocassette	Objects	light & video
рҹ”Қ	magnifying glass tilted left	Objects	light & video
рҹ”Һ	magnifying glass tilted right	Objects	light & video
рҹ•ҜпёҸ	candle	Objects	light & video
рҹ’Ў	light bulb	Objects	light & video
рҹ”Ұ	flashlight	Objects	light & video
рҹҸ®	red paper lantern	Objects	light & video
рҹӘ”	diya lamp	Objects	light & video
рҹ“”	notebook with decorative cover	Objects	book-paper
рҹ“•	closed book	Objects	book-paper
рҹ“–	open book	Objects	book-paper
рҹ“—	green book	Objects	book-paper
рҹ“ҳ	blue book	Objects	book-paper
рҹ“ҷ	orange book	Objects	book-paper
рҹ“ҡ	books	Objects	book-paper
рҹ““	notebook	Objects	book-paper
рҹ“’	ledger	Objects	book-paper
рҹ“ғ	page with curl	Objects	book-paper
рҹ“ң	scroll	Objects	book-paper
рҹ“„	page facing up	Objects	book-paper
рҹ“°	newspaper	Objects	book-paper
рҹ—һпёҸ	rolled-up newspaper	Objects	book-paper
рҹ“‘	bookmark tabs	Objects	book-paper
рҹ”–	bookmark	Objects	book-paper
рҹҸ·пёҸ	label	Objects	book-paper
рҹӘҷ	coin	Objects	money
рҹ’°	money bag	Objects	money
рҹӘҺ	treasure chest	Objects	money
рҹ’ҙ	yen banknote	Objects	money
рҹ’ө	dollar banknote	Objects	money
рҹ’¶	euro banknote	Objects	money
рҹ’·	pound banknote	Objects	money
рҹ’ё	money with wings	Objects	money
рҹ’і	credit card	Objects	money
рҹ§ҫ	receipt	Objects	money
рҹ’№	chart increasing with yen	Objects	money
вңүпёҸ	envelope	Objects	mail
рҹ“§	e-mail	Objects	mail
рҹ“Ё	incoming envelope	Objects	mail
рҹ“©	envelope with arrow	Objects	mail
рҹ“Ө	outbox tray	Objects	mail
рҹ“Ҙ	inbox tray	Objects	mail
рҹ“Ұ	package	Objects	mail
рҹ“«	closed mailbox with raised flag	Objects	mail
рҹ“Ә	closed mailbox with lowered flag	Objects	mail
рҹ“¬	open mailbox with raised flag	Objects	mail
рҹ“ӯ	open mailbox with lowered flag	Objects	mail
рҹ“®	postbox	Objects	mail
рҹ—іпёҸ	ballot box with ballot	Objects	mail
вңҸпёҸ	pencil	Objects	writing
вң’пёҸ	black nib	Objects	writing
рҹ–ӢпёҸ	fountain pen	Objects	writing
рҹ–ҠпёҸ	pen	Objects	writing
рҹ–ҢпёҸ	paintbrush	Objects	writing
рҹ–ҚпёҸ	crayon	Objects	writing
рҹ“қ	memo	Objects	writing
рҹ’ј	briefcase	Objects	office
рҹ“Ғ	file folder	Objects	office
рҹ“Ӯ	open file folder	Objects	office
рҹ—ӮпёҸ	card index dividers	Objects	office
рҹ“…	calendar	Objects	office
рҹ“Ҷ	tear-off calendar	Objects	office
рҹ—’пёҸ	spiral notepad	Objects	office
рҹ—“пёҸ	spiral calendar	Objects	office
рҹ“Ү	card index	Objects	office
рҹ“Ҳ	chart increasing	Objects	office
рҹ“ү	chart decreasing	Objects	office
рҹ“Ҡ	bar chart	Objects	office
рҹ“Ӣ	clipboard	Objects	office
рҹ“Ң	pushpin	Objects	office
рҹ“Қ	round pushpin	Objects	office
рҹ“Һ	paperclip	Objects	office
рҹ–ҮпёҸ	linked paperclips	Objects	office
рҹ“Ҹ	straight ruler	Objects	office
рҹ“җ	triangular ruler	Objects	office
вңӮпёҸ	scissors	Objects	office
рҹ—ғпёҸ	card file box	Objects	office
рҹ—„пёҸ	file cabinet	Objects	office
рҹ—‘пёҸ	wastebasket	Objects	office
рҹ”’	locked	Objects	lock
рҹ”“	unlocked	Objects	lock
рҹ”Ҹ	locked with pen	Objects	lock
рҹ”җ	locked with key	Objects	lock
рҹ”‘	key	Objects	lock
рҹ—қпёҸ	old key	Objects	lock
рҹ”Ё	hammer	Objects	tool
рҹӘ“	axe	Objects	tool
вӣҸпёҸ	pick	Objects	tool
вҡ’пёҸ	hammer and pick	Objects	tool
рҹӣ пёҸ	hammer and wrench	Objects	tool
рҹ—ЎпёҸ	dagger	Objects	tool
вҡ”пёҸ	crossed swords	Objects	tool
рҹ’Ј	bomb	Objects	tool
рҹӘғ	boomerang	Objects	tool
рҹҸ№	bow and arrow	Objects	tool
рҹӣЎпёҸ	shield	Objects	tool
рҹӘҡ	carpentry saw	Objects	tool
рҹ”§	wrench	Objects	tool
рҹӘӣ	screwdriver	Objects	tool
рҹ”©	nut and bolt	Objects	tool
вҡҷпёҸ	gear	Objects	tool
рҹ—ңпёҸ	clamp	Objects	tool
вҡ–пёҸ	balance scale	Objects	tool
рҹҰҜ	white cane	Objects	tool
рҹ”—	link	Objects	tool
вӣ“пёҸвҖҚрҹ’Ҙ	broken chain	Objects	tool
вӣ“пёҸ	chains	Objects	tool
рҹӘқ	hook	Objects	tool
рҹ§°	toolbox	Objects	tool
рҹ§І	magnet	Objects	tool
рҹӘң	ladder	Objects	tool
рҹӘҸ	shovel	Objects	tool
вҡ—пёҸ	alembic	Objects	science
рҹ§Ә	test tube	Objects	science
рҹ§«	petri dish	Objects	science
рҹ§¬	dna	Objects	science
рҹ”¬	microscope	Objects	science
рҹ”ӯ	telescope	Objects	science
рҹ“Ў	satellite antenna	Objects	science
рҹ’ү	syringe	Objects	medical
рҹ©ё	drop of blood	Objects	medical
рҹ’Ҡ	pill	Objects	medical
рҹ©№	adhesive bandage	Objects	medical
рҹ©ј	crutch	Objects	medical
рҹ©ә	stethoscope	Objects	medical
рҹ©»	x-ray	Objects	medical
рҹҡӘ	door	Objects	household
рҹӣ—	elevator	Objects	household
рҹӘһ	mirror	Objects	household
рҹӘҹ	window	Objects	household
рҹӣҸпёҸ	bed	Objects	household
рҹӣӢпёҸ	couch and lamp	Objects	household
рҹӘ‘	chair	Objects	household
рҹҡҪ	toilet	Objects	household
рҹӘ 	plunger	Objects	household
рҹҡҝ	shower	Objects	household
рҹӣҒ	bathtub	Objects	household
рҹӘӨ	mouse trap	Objects	household
рҹӘ’	razor	Objects	household
рҹ§ҙ	lotion bottle	Objects	household
рҹ§·	safety pin	Objects	household
рҹ§№	broom	Objects	household
рҹ§ә	basket	Objects	household
рҹ§»	roll of paper	Objects	household
рҹӘЈ	bucket	Objects	household
рҹ§ј	soap	Objects	household
рҹ«§	bubbles	Objects	household
рҹӘҘ	toothbrush	Objects	household
рҹ§Ҫ	sponge	Objects	household
рҹ§Ҝ	fire extinguisher	Objects	household
рҹӣ’	shopping cart	Objects	household
рҹҡ¬	cigarette	Objects	other-object
вҡ°пёҸ	coffin	Objects	other-object
рҹӘҰ	headstone	Objects	other-object
вҡұпёҸ	funeral urn	Objects	other-object
рҹ§ҝ	nazar amulet	Objects	other-object
рҹӘ¬	hamsa	Objects	other-object
рҹ—ҝ	moai	Objects	other-object
рҹӘ§	placard	Objects	other-object
рҹӘӘ	identification card	Objects	other-object
рҹҸ§	ATM sign	Symbols	transport-sign
рҹҡ®	litter in bin sign	Symbols	transport-sign
рҹҡ°	potable water	Symbols	transport-sign
вҷҝ	wheelchair symbol	Symbols	transport-sign
рҹҡ№	menвҖҷs room	Symbols	transport-sign
рҹҡә	womenвҖҷs room	Symbols	transport-sign
рҹҡ»	restroom	Symbols	transport-sign
рҹҡј	baby symbol	Symbols	transport-sign
рҹҡҫ	water closet	Symbols	transport-sign
рҹӣӮ	passport control	Symbols	transport-sign
рҹӣғ	customs	Symbols	transport-sign
рҹӣ„	baggage claim	Symbols	transport-sign
рҹӣ…	left luggage	Symbols	transport-sign
вҡ пёҸ	warning	Symbols	warning
рҹҡё	children crossing	Symbols	warning
вӣ”	no entry	Symbols	warning
рҹҡ«	prohibited	Symbols	warning
рҹҡі	no bicycles	Symbols	warning
рҹҡӯ	no smoking	Symbols	warning
рҹҡҜ	no littering	Symbols	warning
рҹҡұ	non-potable water	Symbols	warning
рҹҡ·	no pedestrians	Symbols	warning
рҹ“ө	no mobile phones	Symbols	warning
рҹ”һ	no one under eighteen	Symbols	warning
вҳўпёҸ	radioactive	Symbols	warning
вҳЈпёҸ	biohazard	Symbols	warning
в¬ҶпёҸ	up arrow	Symbols	arrow
вҶ—пёҸ	up-right arrow	Symbols	arrow
вһЎпёҸ	right arrow	Symbols	arrow
вҶҳпёҸ	down-right arrow	Symbols	arrow
в¬ҮпёҸ	down arrow	Symbols	arrow
вҶҷпёҸ	down-left arrow	Symbols	arrow
в¬…пёҸ	left arrow	Symbols	arrow
вҶ–пёҸ	up-left arrow	Symbols	arrow
вҶ•пёҸ	up-down arrow	Symbols	arrow
вҶ”пёҸ	left-right arrow	Symbols	arrow
вҶ©пёҸ	right arrow curving left	Symbols	arrow
вҶӘпёҸ	left arrow curving right	Symbols	arrow
вӨҙпёҸ	right arrow curving up	Symbols	arrow
вӨөпёҸ	right arrow curving down	Symbols	arrow
рҹ”ғ	clockwise vertical arrows	Symbols	arrow
рҹ”„	counterclockwise arrows button	Symbols	arrow
рҹ”ҷ	BACK arrow	Symbols	arrow
рҹ”ҡ	END arrow	Symbols	arrow
рҹ”ӣ	ON! arrow	Symbols	arrow
рҹ”ң	SOON arrow	Symbols	arrow
рҹ”қ	TOP arrow	Symbols	arrow
рҹӣҗ	place of worship	Symbols	religion
вҡӣпёҸ	atom symbol	Symbols	religion
рҹ•үпёҸ	om	Symbols	religion
вңЎпёҸ	star of David	Symbols	religion
вҳёпёҸ	wheel of dharma	Symbols	religion
вҳҜпёҸ	yin yang	Symbols	religion
вңқпёҸ	latin cross	Symbols	religion
вҳҰпёҸ	orthodox cross	Symbols	religion
вҳӘпёҸ	star and crescent	Symbols	religion
вҳ®пёҸ	peace symbol	Symbols	religion
рҹ•Һ	menorah	Symbols	religion
рҹ”Ҝ	dotted six-pointed star	Symbols	religion
рҹӘҜ	khanda	Symbols	religion
вҷҲ	Aries	Symbols	zodiac
вҷү	Taurus	Symbols	zodiac
вҷҠ	Gemini	Symbols	zodiac
вҷӢ	Cancer	Symbols	zodiac
вҷҢ	Leo	Symbols	zodiac
вҷҚ	Virgo	Symbols	zodiac
вҷҺ	Libra	Symbols	zodiac
вҷҸ	Scorpio	Symbols	zodiac
вҷҗ	Sagittarius	Symbols	zodiac
вҷ‘	Capricorn	Symbols	zodiac
вҷ’	Aquarius	Symbols	zodiac
вҷ“	Pisces	Symbols	zodiac
вӣҺ	Ophiuchus	Symbols	zodiac
рҹ”Җ	shuffle tracks button	Symbols	av-symbol
рҹ”Ғ	repeat button	Symbols	av-symbol
рҹ”Ӯ	repeat single button	Symbols	av-symbol
в–¶пёҸ	play button	Symbols	av-symbol
вҸ©	fast-forward button	Symbols	av-symbol
вҸӯпёҸ	next track button	Symbols	av-symbol
вҸҜпёҸ	play or pause button	Symbols	av-symbol
в—ҖпёҸ	reverse button	Symbols	av-symbol
вҸӘ	fast reverse button	Symbols	av-symbol
вҸ®пёҸ	last track button	Symbols	av-symbol
рҹ”ј	upwards button	Symbols	av-symbol
вҸ«	fast up button	Symbols	av-symbol
рҹ”Ҫ	downwards button	Symbols	av-symbol
вҸ¬	fast down button	Symbols	av-symbol
вҸёпёҸ	pause button	Symbols	av-symbol
вҸ№пёҸ	stop button	Symbols	av-symbol
вҸәпёҸ	record button	Symbols	av-symbol
вҸҸпёҸ	eject button	Symbols	av-symbol
рҹҺҰ	cinema	Symbols	av-symbol
рҹ”…	dim button	Symbols	av-symbol
рҹ”Ҷ	bright button	Symbols	av-symbol
рҹ“¶	antenna bars	Symbols	av-symbol
рҹӣң	wireless	Symbols	av-symbol
рҹ“і	vibration mode	Symbols	av-symbol
рҹ“ҙ	mobile phone off	Symbols	av-symbol
вҷҖпёҸ	female sign	Symbols	gender
вҷӮпёҸ	male sign	Symbols	gender
вҡ§пёҸ	transgender symbol	Symbols	gender
вң–пёҸ	multiply	Symbols	math
вһ•	plus	Symbols	math
вһ–	minus	Symbols	math
вһ—	divide	Symbols	math
рҹҹ°	heavy equals sign	Symbols	math
вҷҫпёҸ	infinity	Symbols	math
вҖјпёҸ	double exclamation mark	Symbols	punctuation
вҒүпёҸ	exclamation question mark	Symbols	punctuation
вқ“	red question mark	Symbols	punctuation
вқ”	white question mark	Symbols	punctuation
вқ•	white exclamation mark	Symbols	punctuation
вқ—	red exclamation mark	Symbols	punctuation
гҖ°пёҸ	wavy dash	Symbols	punctuation
рҹ’ұ	currency exchange	Symbols	currency
рҹ’І	heavy dollar sign	Symbols	currency
вҡ•пёҸ	medical symbol	Symbols	other-symbol
вҷ»пёҸ	recycling symbol	Symbols	other-symbol
вҡңпёҸ	fleur-de-lis	Symbols	other-symbol
рҹ”ұ	trident emblem	Symbols	other-symbol
рҹ“ӣ	name badge	Symbols	other-symbol
рҹ”°	Japanese symbol for beginner	Symbols	other-symbol
вӯ•	hollow red circle	Symbols	other-symbol
вң…	check mark button	Symbols	other-symbol
вҳ‘пёҸ	check box with check	Symbols	other-symbol
вң”пёҸ	check mark	Symbols	other-symbol
вқҢ	cross mark	Symbols	other-symbol
вқҺ	cross mark button	Symbols	other-symbol
вһ°	curly loop	Symbols	other-symbol
вһҝ	double curly loop	Symbols	other-symbol
гҖҪпёҸ	part alternation mark	Symbols	other-symbol
вңіпёҸ	eight-spoked asterisk	Symbols	other-symbol
вңҙпёҸ	eight-pointed star	Symbols	other-symbol
вқҮпёҸ	sparkle	Symbols	other-symbol
В©пёҸ	copyright	Symbols	other-symbol
В®пёҸ	registered	Symbols	other-symbol
в„ўпёҸ	trade mark	Symbols	other-symbol
рҹ«ҹ	splatter	Symbols	other-symbol
#пёҸвғЈ	keycap: #	Symbols	keycap
*пёҸвғЈ	keycap: *	Symbols	keycap
0пёҸвғЈ	keycap: 0	Symbols	keycap
1пёҸвғЈ	keycap: 1	Symbols	keycap
2пёҸвғЈ	keycap: 2	Symbols	keycap
3пёҸвғЈ	keycap: 3	Symbols	keycap
4пёҸвғЈ	keycap: 4	Symbols	keycap
5пёҸвғЈ	keycap: 5	Symbols	keycap
6пёҸвғЈ	keycap: 6	Symbols	keycap
7пёҸвғЈ	keycap: 7	Symbols	keycap
8пёҸвғЈ	keycap: 8	Symbols	keycap
9пёҸвғЈ	keycap: 9	Symbols	keycap
рҹ”ҹ	keycap: 10	Symbols	keycap
рҹ” 	input latin uppercase	Symbols	alphanum
рҹ”Ў	input latin lowercase	Symbols	alphanum
рҹ”ў	input numbers	Symbols	alphanum
рҹ”Ј	input symbols	Symbols	alphanum
рҹ”Ө	input latin letters	Symbols	alphanum
рҹ…°пёҸ	A button (blood type)	Symbols	alphanum
рҹҶҺ	AB button (blood type)	Symbols	alphanum
рҹ…ұпёҸ	B button (blood type)	Symbols	alphanum
рҹҶ‘	CL button	Symbols	alphanum
рҹҶ’	COOL button	Symbols	alphanum
рҹҶ“	FREE button	Symbols	alphanum
в„№пёҸ	information	Symbols	alphanum
рҹҶ”	ID button	Symbols	alphanum
в“ӮпёҸ	circled M	Symbols	alphanum
рҹҶ•	NEW button	Symbols	alphanum
рҹҶ–	NG button	Symbols	alphanum
рҹ…ҫпёҸ	O button (blood type)	Symbols	alphanum
рҹҶ—	OK button	Symbols	alphanum
рҹ…ҝпёҸ	P button	Symbols	alphanum
рҹҶҳ	SOS button	Symbols	alphanum
рҹҶҷ	UP! button	Symbols	alphanum
рҹҶҡ	VS button	Symbols	alphanum
рҹҲҒ	Japanese вҖңhereвҖқ button	Symbols	alphanum
рҹҲӮпёҸ	Japanese вҖңservice chargeвҖқ button	Symbols	alphanum
рҹҲ·пёҸ	Japanese вҖңmonthly amountвҖқ button	Symbols	alphanum
рҹҲ¶	Japanese вҖңnot free of chargeвҖқ button	Symbols	alphanum
рҹҲҜ	Japanese вҖңreservedвҖқ button	Symbols	alphanum
рҹүҗ	Japanese вҖңbargainвҖқ button	Symbols	alphanum
рҹҲ№	Japanese вҖңdiscountвҖқ button	Symbols	alphanum
рҹҲҡ	Japanese вҖңfree of chargeвҖқ button	Symbols	alphanum
рҹҲІ	Japanese вҖңprohibitedвҖқ button	Symbols	alphanum
рҹү‘	Japanese вҖңacceptableвҖқ button	Symbols	alphanum
рҹҲё	Japanese вҖңapplicationвҖқ button	Symbols	alphanum
рҹҲҙ	Japanese вҖңpassing gradeвҖқ button	Symbols	alphanum
рҹҲі	Japanese вҖңvacancyвҖқ button	Symbols	alphanum
гҠ—пёҸ	Japanese вҖңcongratulationsвҖқ button	Symbols	alphanum
гҠҷпёҸ	Japanese вҖңsecretвҖқ button	Symbols	alphanum
рҹҲә	Japanese вҖңopen for businessвҖқ button	Symbols	alphanum
рҹҲө	Japanese вҖңno vacancyвҖқ button	Symbols	alphanum
рҹ”ҙ	red circle	Symbols	geometric
рҹҹ 	orange circle	Symbols	geometric
рҹҹЎ	yellow circle	Symbols	geometric
рҹҹў	green circle	Symbols	geometric
рҹ”ө	blue circle	Symbols	geometric
рҹҹЈ	purple circle	Symbols	geometric
рҹҹӨ	brown circle	Symbols	geometric
вҡ«	black circle	Symbols	geometric
вҡӘ	white circle	Symbols	geometric
рҹҹҘ	red square	Symbols	geometric
рҹҹ§	orange square	Symbols	geometric
рҹҹЁ	yellow square	Symbols	geometric
рҹҹ©	green square	Symbols	geometric
рҹҹҰ	blue square	Symbols	geometric
рҹҹӘ	purple square	Symbols	geometric
рҹҹ«	brown square	Symbols	geometric
в¬ӣ	black large square	Symbols	geometric
в¬ң	white large square	Symbols	geometric
в—јпёҸ	black medium square	Symbols	geometric
в—»пёҸ	white medium square	Symbols	geometric
в—ҫ	black medium-small square	Symbols	geometric
в—Ҫ	white medium-small square	Symbols	geometric
в–ӘпёҸ	black small square	Symbols	geometric
в–«пёҸ	white small square	Symbols	geometric
рҹ”¶	large orange diamond	Symbols	geometric
рҹ”·	large blue diamond	Symbols	geometric
рҹ”ё	small orange diamond	Symbols	geometric
рҹ”№	small blue diamond	Symbols	geometric
рҹ”ә	red triangle pointed up	Symbols	geometric
рҹ”»	red triangle pointed down	Symbols	geometric
рҹ’ 	diamond with a dot	Symbols	geometric
рҹ”ҳ	radio button	Symbols	geometric
рҹ”і	white square button	Symbols	geometric
рҹ”І	black square button	Symbols	geometric
рҹҸҒ	chequered flag	Flags	flag
рҹҡ©	triangular flag	Flags	flag
рҹҺҢ	crossed flags	Flags	flag
рҹҸҙ	black flag	Flags	flag
рҹҸіпёҸ	white flag	Flags	flag
рҹҸіпёҸвҖҚрҹҢҲ	rainbow flag	Flags	flag
рҹҸіпёҸвҖҚвҡ§пёҸ	transgender flag	Flags	flag
рҹҸҙвҖҚвҳ пёҸ	pirate flag	Flags	flag
рҹҮҰрҹҮЁ	flag: Ascension Island	Flags	country-flag
рҹҮҰрҹҮ©	flag: Andorra	Flags	country-flag
рҹҮҰрҹҮӘ	flag: United Arab Emirates	Flags	country-flag
рҹҮҰрҹҮ«	flag: Afghanistan	Flags	country-flag
рҹҮҰрҹҮ¬	flag: Antigua & Barbuda	Flags	country-flag
рҹҮҰрҹҮ®	flag: Anguilla	Flags	country-flag
рҹҮҰрҹҮұ	flag: Albania	Flags	country-flag
рҹҮҰрҹҮІ	flag: Armenia	Flags	country-flag
рҹҮҰрҹҮҙ	flag: Angola	Flags	country-flag
рҹҮҰрҹҮ¶	flag: Antarctica	Flags	country-flag
рҹҮҰрҹҮ·	flag: Argentina	Flags	country-flag
рҹҮҰрҹҮё	flag: American Samoa	Flags	country-flag
рҹҮҰрҹҮ№	flag: Austria	Flags	country-flag
рҹҮҰрҹҮә	flag: Australia	Flags	country-flag
рҹҮҰрҹҮј	flag: Aruba	Flags	country-flag
рҹҮҰрҹҮҪ	flag: Г…land Islands	Flags	country-flag
рҹҮҰрҹҮҝ	flag: Azerbaijan	Flags	country-flag
рҹҮ§рҹҮҰ	flag: Bosnia & Herzegovina	Flags	country-flag
рҹҮ§рҹҮ§	flag: Barbados	Flags	country-flag
рҹҮ§рҹҮ©	flag: Bangladesh	Flags	country-flag
рҹҮ§рҹҮӘ	flag: Belgium	Flags	country-flag
рҹҮ§рҹҮ«	flag: Burkina Faso	Flags	country-flag
рҹҮ§рҹҮ¬	flag: Bulgaria	Flags	country-flag
рҹҮ§рҹҮӯ	flag: Bahrain	Flags	country-flag
рҹҮ§рҹҮ®	flag: Burundi	Flags	country-flag
рҹҮ§рҹҮҜ	flag: Benin	Flags	country-flag
рҹҮ§рҹҮұ	flag: St. BarthГ©lemy	Flags	country-flag
рҹҮ§рҹҮІ	flag: Bermuda	Flags	country-flag
рҹҮ§рҹҮі	flag: Brunei	Flags	country-flag
рҹҮ§рҹҮҙ	flag: Bolivia	Flags	country-flag
рҹҮ§рҹҮ¶	flag: Caribbean Netherlands	Flags	country-flag
рҹҮ§рҹҮ·	flag: Brazil	Flags	country-flag
рҹҮ§рҹҮё	flag: Bahamas	Flags	country-flag
рҹҮ§рҹҮ№	flag: Bhutan	Flags	country-flag
рҹҮ§рҹҮ»	flag: Bouvet Island	Flags	country-flag
рҹҮ§рҹҮј	flag: Botswana	Flags	country-flag
рҹҮ§рҹҮҫ	flag: Belarus	Flags	country-flag
рҹҮ§рҹҮҝ	flag: Belize	Flags	country-flag
рҹҮЁрҹҮҰ	flag: Canada	Flags	country-flag
рҹҮЁрҹҮЁ	flag: Cocos (Keeling) Islands	Flags	country-flag
рҹҮЁрҹҮ©	flag: Congo - Kinshasa	Flags	country-flag
рҹҮЁрҹҮ«	flag: Central African Republic	Flags	country-flag
рҹҮЁрҹҮ¬	flag: Congo - Brazzaville	Flags	country-flag
рҹҮЁрҹҮӯ	flag: Switzerland	Flags	country-flag
рҹҮЁрҹҮ®	flag: CГҙte dвҖҷIvoire	Flags	country-flag
рҹҮЁрҹҮ°	flag: Cook Islands	Flags	country-flag
рҹҮЁрҹҮұ	flag: Chile	Flags	country-flag
рҹҮЁрҹҮІ	flag: Cameroon	Flags	country-flag
рҹҮЁрҹҮі	flag: China	Flags	country-flag
рҹҮЁрҹҮҙ	flag: Colombia	Flags	country-flag
рҹҮЁрҹҮө	flag: Clipperton Island	Flags	country-flag
рҹҮЁрҹҮ¶	flag: Sark	Flags	country-flag
рҹҮЁрҹҮ·	flag: Costa Rica	Flags	country-flag
рҹҮЁрҹҮә	flag: Cuba	Flags	country-flag
рҹҮЁрҹҮ»	flag: Cape Verde	Flags	country-flag
рҹҮЁрҹҮј	flag: CuraГ§ao	Flags	country-flag
рҹҮЁрҹҮҪ	flag: Christmas Island	Flags	country-flag
рҹҮЁрҹҮҫ	flag: Cyprus	Flags	country-flag
рҹҮЁрҹҮҝ	flag: Czechia	Flags	country-flag
рҹҮ©рҹҮӘ	flag: Germany	Flags	country-flag
рҹҮ©рҹҮ¬	flag: Diego Garcia	Flags	country-flag
рҹҮ©рҹҮҜ	flag: Djibouti	Flags	country-flag
рҹҮ©рҹҮ°	flag: Denmark	Flags	country-flag
рҹҮ©рҹҮІ	flag: Dominica	Flags	country-flag
рҹҮ©рҹҮҙ	flag: Dominican Republic	Flags	country-flag
рҹҮ©рҹҮҝ	flag: Algeria	Flags	country-flag
рҹҮӘрҹҮҰ	flag: Ceuta & Melilla	Flags	country-flag
рҹҮӘрҹҮЁ	flag: Ecuador	Flags	country-flag
рҹҮӘрҹҮӘ	flag: Estonia	Flags	country-flag
рҹҮӘрҹҮ¬	flag: Egypt	Flags	country-flag
рҹҮӘрҹҮӯ	flag: Western Sahara	Flags	country-flag
рҹҮӘрҹҮ·	flag: Eritrea	Flags	country-flag
рҹҮӘрҹҮё	flag: Spain	Flags	country-flag
рҹҮӘрҹҮ№	flag: Ethiopia	Flags	country-flag
рҹҮӘрҹҮә	flag: European Union	Flags	country-flag
рҹҮ«рҹҮ®	flag: Finland	Flags	country-flag
рҹҮ«рҹҮҜ	flag: Fiji	Flags	country-flag
рҹҮ«рҹҮ°	flag: Falkland Islands	Flags	country-flag
рҹҮ«рҹҮІ	flag: Micronesia	Flags	country-flag
рҹҮ«рҹҮҙ	flag: Faroe Islands	Flags	country-flag
рҹҮ«рҹҮ·	flag: France	Flags	country-flag
рҹҮ¬рҹҮҰ	flag: Gabon	Flags	country-flag
рҹҮ¬рҹҮ§	flag: United Kingdom	Flags	country-flag
рҹҮ¬рҹҮ©	flag: Grenada	Flags	country-flag
рҹҮ¬рҹҮӘ	flag: Georgia	Flags	country-flag
рҹҮ¬рҹҮ«	flag: French Guiana	Flags	country-flag
рҹҮ¬рҹҮ¬	flag: Guernsey	Flags	country-flag
рҹҮ¬рҹҮӯ	flag: Ghana	Flags	country-flag
рҹҮ¬рҹҮ®	flag: Gibraltar	Flags	country-flag
рҹҮ¬рҹҮұ	flag: Greenland	Flags	country-flag
рҹҮ¬рҹҮІ	flag: Gambia	Flags	country-flag
рҹҮ¬рҹҮі	flag: Guinea	Flags	country-flag
рҹҮ¬рҹҮө	flag: Guadeloupe	Flags	country-flag
рҹҮ¬рҹҮ¶	flag: Equatorial Guinea	Flags	country-flag
рҹҮ¬рҹҮ·	flag: Greece	Flags	country-flag
рҹҮ¬рҹҮё	flag: South Georgia & South Sandwich Islands	Flags	country-flag
рҹҮ¬рҹҮ№	flag: Guatemala	Flags	country-flag
рҹҮ¬рҹҮә	flag: Guam	Flags	country-flag
рҹҮ¬рҹҮј	flag: Guinea-Bissau	Flags	country-flag
рҹҮ¬рҹҮҫ	flag: Guyana	Flags	country-flag
рҹҮӯрҹҮ°	flag: Hong Kong SAR China	Flags	country-flag
рҹҮӯрҹҮІ	flag: Heard & McDonald Islands	Flags	country-flag
рҹҮӯрҹҮі	flag: Honduras	Flags	country-flag
рҹҮӯрҹҮ·	flag: Croatia	Flags	country-flag
рҹҮӯрҹҮ№	flag: Haiti	Flags	country-flag
рҹҮӯрҹҮә	flag: Hungary	Flags	country-flag
рҹҮ®рҹҮЁ	flag: Canary Islands	Flags	country-flag
рҹҮ®рҹҮ©	flag: Indonesia	Flags	country-flag
рҹҮ®рҹҮӘ	flag: Ireland	Flags	country-flag
рҹҮ®рҹҮұ	flag: Israel	Flags	country-flag
рҹҮ®рҹҮІ	flag: Isle of Man	Flags	country-flag
рҹҮ®рҹҮі	flag: India	Flags	country-flag
рҹҮ®рҹҮҙ	flag: British Indian Ocean Territory	Flags	country-flag
рҹҮ®рҹҮ¶	flag: Iraq	Flags	country-flag
рҹҮ®рҹҮ·	flag: Iran	Flags	country-flag
рҹҮ®рҹҮё	flag: Iceland	Flags	country-flag
рҹҮ®рҹҮ№	flag: Italy	Flags	country-flag
рҹҮҜрҹҮӘ	flag: Jersey	Flags	country-flag
рҹҮҜрҹҮІ	flag: Jamaica	Flags	country-flag
рҹҮҜрҹҮҙ	flag: Jordan	Flags	country-flag
рҹҮҜрҹҮө	flag: Japan	Flags	country-flag
рҹҮ°рҹҮӘ	flag: Kenya	Flags	country-flag
рҹҮ°рҹҮ¬	flag: Kyrgyzstan	Flags	country-flag
рҹҮ°рҹҮӯ	flag: Cambodia	Flags	country-flag
рҹҮ°рҹҮ®	flag: Kiribati	Flags	country-flag
рҹҮ°рҹҮІ	flag: Comoros	Flags	country-flag
рҹҮ°рҹҮі	flag: St. Kitts & Nevis	Flags	country-flag
рҹҮ°рҹҮө	flag: North Korea	Flags	country-flag
рҹҮ°рҹҮ·	flag: South Korea	Flags	country-flag
рҹҮ°рҹҮј	flag: Kuwait	Flags	country-flag
рҹҮ°рҹҮҫ	flag: Cayman Islands	Flags	country-flag
рҹҮ°рҹҮҝ	flag: Kazakhstan	Flags	country-flag
рҹҮұрҹҮҰ	flag: Laos	Flags	country-flag
рҹҮұрҹҮ§	flag: Lebanon	Flags	country-flag
рҹҮұрҹҮЁ	flag: St. Lucia	Flags	country-flag
рҹҮұрҹҮ®	flag: Liechtenstein	Flags	country-flag
рҹҮұрҹҮ°	flag: Sri Lanka	Flags	country-flag
рҹҮұрҹҮ·	flag: Liberia	Flags	country-flag
рҹҮұрҹҮё	flag: Lesotho	Flags	country-flag
рҹҮұрҹҮ№	flag: Lithuania	Flags	country-flag
рҹҮұрҹҮә	flag: Luxembourg	Flags	country-flag
рҹҮұрҹҮ»	flag: Latvia	Flags	country-flag
рҹҮұрҹҮҫ	flag: Libya	Flags	country-flag
рҹҮІрҹҮҰ	flag: Morocco	Flags	country-flag
рҹҮІрҹҮЁ	flag: Monaco	Flags	country-flag
рҹҮІрҹҮ©	flag: Moldova	Flags	country-flag
рҹҮІрҹҮӘ	flag: Montenegro	Flags	country-flag
рҹҮІрҹҮ«	flag: St. Martin	Flags	country-flag
рҹҮІрҹҮ¬	flag: Madagascar	Flags	country-flag
рҹҮІрҹҮӯ	flag: Marshall Islands	Flags	country-flag
рҹҮІрҹҮ°	flag: North Macedonia	Flags	country-flag
рҹҮІрҹҮұ	flag: Mali	Flags	country-flag
рҹҮІрҹҮІ	flag: Myanmar (Burma)	Flags	country-flag
рҹҮІрҹҮі	flag: Mongolia	Flags	country-flag
рҹҮІрҹҮҙ	flag: Macao SAR China	Flags	country-flag
рҹҮІрҹҮө	flag: Northern Mariana Islands	Flags	country-flag
рҹҮІрҹҮ¶	flag: Martinique	Flags	country-flag
рҹҮІрҹҮ·	flag: Mauritania	Flags	country-flag
рҹҮІрҹҮё	flag: Montserrat	Flags	country-flag
рҹҮІрҹҮ№	flag: Malta	Flags	country-flag
рҹҮІрҹҮә	flag: Mauritius	Flags	country-flag
рҹҮІрҹҮ»	flag: Maldives	Flags	country-flag
рҹҮІрҹҮј	flag: Malawi	Flags	country-flag
рҹҮІрҹҮҪ	flag: Mexico	Flags	country-flag
рҹҮІрҹҮҫ	flag: Malaysia	Flags	country-flag
рҹҮІрҹҮҝ	flag: Mozambique	Flags	country-flag
рҹҮірҹҮҰ	flag: Namibia	Flags	country-flag
рҹҮірҹҮЁ	flag: New Caledonia	Flags	country-flag
рҹҮірҹҮӘ	flag: Niger	Flags	country-flag
рҹҮірҹҮ«	flag: Norfolk Island	Flags	country-flag
рҹҮірҹҮ¬	flag: Nigeria	Flags	country-flag
рҹҮірҹҮ®	flag: Nicaragua	Flags	country-flag
рҹҮірҹҮұ	flag: Netherlands	Flags	country-flag
рҹҮірҹҮҙ	flag: Norway	Flags	country-flag
рҹҮірҹҮө	flag: Nepal	Flags	country-flag
рҹҮірҹҮ·	flag: Nauru	Flags	country-flag
рҹҮірҹҮә	flag: Niue	Flags	country-flag
рҹҮірҹҮҝ	flag: New Zealand	Flags	country-flag
рҹҮҙрҹҮІ	flag: Oman	Flags	country-flag
рҹҮөрҹҮҰ	flag: Panama	Flags	country-flag
рҹҮөрҹҮӘ	flag: Peru	Flags	country-flag
рҹҮөрҹҮ«	flag: French Polynesia	Flags	country-flag
рҹҮөрҹҮ¬	flag: Papua New Guinea	Flags	country-flag
рҹҮөрҹҮӯ	flag: Philippines	Flags	country-flag
рҹҮөрҹҮ°	flag: Pakistan	Flags	country-flag
рҹҮөрҹҮұ	flag: Poland	Flags	country-flag
рҹҮөрҹҮІ	flag: St. Pierre & Miquelon	Flags	country-flag
рҹҮөрҹҮі	flag: Pitcairn Islands	Flags	country-flag
рҹҮөрҹҮ·	flag: Puerto Rico	Flags	country-flag
рҹҮөрҹҮё	flag: Palestinian Territories	Flags	country-flag
рҹҮөрҹҮ№	flag: Portugal	Flags	country-flag
рҹҮөрҹҮј	flag: Palau	Flags	country-flag
рҹҮөрҹҮҫ	flag: Paraguay	Flags	country-flag
рҹҮ¶рҹҮҰ	flag: Qatar	Flags	country-flag
рҹҮ·рҹҮӘ	flag: RГ©union	Flags	country-flag
рҹҮ·рҹҮҙ	flag: Romania	Flags	country-flag
рҹҮ·рҹҮё	flag: Serbia	Flags	country-flag
рҹҮ·рҹҮә	flag: Russia	Flags	country-flag
рҹҮ·рҹҮј	flag: Rwanda	Flags	country-flag
рҹҮёрҹҮҰ	flag: Saudi Arabia	Flags	country-flag
рҹҮёрҹҮ§	flag: Solomon Islands	Flags	country-flag
рҹҮёрҹҮЁ	flag: Seychelles	Flags	country-flag
рҹҮёрҹҮ©	flag: Sudan	Flags	country-flag
рҹҮёрҹҮӘ	flag: Sweden	Flags	country-flag
рҹҮёрҹҮ¬	flag: Singapore	Flags	country-flag
рҹҮёрҹҮӯ	flag: St. Helena	Flags	country-flag
рҹҮёрҹҮ®	flag: Slovenia	Flags	country-flag
рҹҮёрҹҮҜ	flag: Svalbard & Jan Mayen	Flags	country-flag
рҹҮёрҹҮ°	flag: Slovakia	Flags	country-flag
рҹҮёрҹҮұ	flag: Sierra Leone	Flags	country-flag
рҹҮёрҹҮІ	flag: San Marino	Flags	country-flag
рҹҮёрҹҮі	flag: Senegal	Flags	country-flag
рҹҮёрҹҮҙ	flag: Somalia	Flags	country-flag
рҹҮёрҹҮ·	flag: Suriname	Flags	country-flag
рҹҮёрҹҮё	flag: South Sudan	Flags	country-flag
рҹҮёрҹҮ№	flag: SГЈo TomГ© & PrГӯncipe	Flags	country-flag
рҹҮёрҹҮ»	flag: El Salvador	Flags	country-flag
рҹҮёрҹҮҪ	flag: Sint Maarten	Flags	country-flag
рҹҮёрҹҮҫ	flag: Syria	Flags	country-flag
рҹҮёрҹҮҝ	flag: Eswatini	Flags	country-flag
рҹҮ№рҹҮҰ	flag: Tristan da Cunha	Flags	country-flag
рҹҮ№рҹҮЁ	flag: Turks & Caicos Islands	Flags	country-flag
рҹҮ№рҹҮ©	flag: Chad	Flags	country-flag
рҹҮ№рҹҮ«	flag: French Southern Territories	Flags	country-flag
рҹҮ№рҹҮ¬	flag: Togo	Flags	country-flag
рҹҮ№рҹҮӯ	flag: Thailand	Flags	country-flag
рҹҮ№рҹҮҜ	flag: Tajikistan	Flags	country-flag
рҹҮ№рҹҮ°	flag: Tokelau	Flags	country-flag
рҹҮ№рҹҮұ	flag: Timor-Leste	Flags	country-flag
рҹҮ№рҹҮІ	flag: Turkmenistan	Flags	country-flag
рҹҮ№рҹҮі	flag: Tunisia	Flags	country-flag
рҹҮ№рҹҮҙ	flag: Tonga	Flags	country-flag
рҹҮ№рҹҮ·	flag: TГјrkiye	Flags	country-flag
рҹҮ№рҹҮ№	flag: Trinidad & Tobago	Flags	country-flag
рҹҮ№рҹҮ»	flag: Tuvalu	Flags	country-flag
рҹҮ№рҹҮј	flag: Taiwan	Flags	country-flag
рҹҮ№рҹҮҝ	flag: Tanzania	Flags	country-flag
рҹҮәрҹҮҰ	flag: Ukraine	Flags	country-flag
рҹҮәрҹҮ¬	flag: Uganda	Flags	country-flag
рҹҮәрҹҮІ	flag: U.S. Outlying Islands	Flags	country-flag
рҹҮәрҹҮі	flag: United Nations	Flags	country-flag
рҹҮәрҹҮё	flag: United States	Flags	country-flag
рҹҮәрҹҮҫ	flag: Uruguay	Flags	country-flag
рҹҮәрҹҮҝ	flag: Uzbekistan	Flags	country-flag
рҹҮ»рҹҮҰ	flag: Vatican City	Flags	country-flag
рҹҮ»рҹҮЁ	flag: St. Vincent & Grenadines	Flags	country-flag
рҹҮ»рҹҮӘ	flag: Venezuela	Flags	country-flag
рҹҮ»рҹҮ¬	flag: British Virgin Islands	Flags	country-flag
рҹҮ»рҹҮ®	flag: U.S. Virgin Islands	Flags	country-flag
рҹҮ»рҹҮі	flag: Vietnam	Flags	country-flag
рҹҮ»рҹҮә	flag: Vanuatu	Flags	country-flag
рҹҮјрҹҮ«	flag: Wallis & Futuna	Flags	country-flag
рҹҮјрҹҮё	flag: Samoa	Flags	country-flag
рҹҮҪрҹҮ°	flag: Kosovo	Flags	country-flag
рҹҮҫрҹҮӘ	flag: Yemen	Flags	country-flag
рҹҮҫрҹҮ№	flag: Mayotte	Flags	country-flag
рҹҮҝрҹҮҰ	flag: South Africa	Flags	country-flag
рҹҮҝрҹҮІ	flag: Zambia	Flags	country-flag
рҹҮҝрҹҮј	flag: Zimbabwe	Flags	country-flag
рҹҸҙу Ғ§у Ғўу ҒҘу Ғ®у Ғ§у Ғҝ	flag: England	Flags	subdivision-flag
рҹҸҙу Ғ§у Ғўу Ғіу ҒЈу Ғҙу Ғҝ	flag: Scotland	Flags	subdivision-flag
рҹҸҙу Ғ§у Ғўу Ғ·у Ғ¬у Ғіу Ғҝ	flag: Wales	Flags	subdivision-flag
